-- phpMyAdmin SQL Dump
-- version 5.2.1
-- https://www.phpmyadmin.net/
--
-- Servidor: 127.0.0.1
-- Tiempo de generación: 11-03-2025 a las 21:08:16
-- Versión del servidor: 10.4.32-MariaDB
-- Versión de PHP: 8.2.12

SET SQL_MODE = "NO_AUTO_VALUE_ON_ZERO";
START TRANSACTION;
SET time_zone = "+00:00";


/*!40101 SET @OLD_CHARACTER_SET_CLIENT=@@CHARACTER_SET_CLIENT */;
/*!40101 SET @OLD_CHARACTER_SET_RESULTS=@@CHARACTER_SET_RESULTS */;
/*!40101 SET @OLD_COLLATION_CONNECTION=@@COLLATION_CONNECTION */;
/*!40101 SET NAMES utf8mb4 */;

--
-- Base de datos: `bd_censohosp`
--

-- --------------------------------------------------------

--
-- Estructura de tabla para la tabla `egresos`
--

CREATE TABLE `egresos` (
  `id` bigint(20) UNSIGNED NOT NULL,
  `fecha_egreso` date NOT NULL,
  `observacion` varchar(20) DEFAULT NULL,
  `id_paciente` int(11) DEFAULT NULL,
  `id_subservicio` int(11) DEFAULT NULL
) ENGINE=InnoDB DEFAULT CHARSET=utf8mb4 COLLATE=utf8mb4_general_ci;

--
-- Volcado de datos para la tabla `egresos`
--

INSERT INTO `egresos` (`id`, `fecha_egreso`, `observacion`, `id_paciente`, `id_subservicio`) VALUES
(1, '2025-02-01', 'Paso a Lactantes', 3, 26),
(2, '2025-02-01', NULL, 35, 50),
(3, '2025-02-01', NULL, 36, 51),
(4, '2025-02-01', NULL, 40, 52),
(5, '2025-02-01', NULL, 45, 62),
(6, '2025-02-01', NULL, 56, 89),
(7, '2025-02-01', NULL, 61, 90),
(8, '2025-02-01', NULL, 66, 104),
(9, '2025-02-01', NULL, 69, 105),
(10, '2025-02-01', NULL, 70, 106),
(11, '2025-02-01', NULL, 72, 119),
(12, '2025-02-01', NULL, 75, 133),
(13, '2025-02-01', NULL, 78, 134),
(14, '2025-02-01', NULL, 98, 164),
(15, '2025-02-01', NULL, 123, 194),
(16, '2025-02-01', NULL, 136, 202),
(17, '2025-02-01', 'Fallecio', 143, 208),
(18, '2025-02-02', NULL, 1, 1),
(19, '2025-02-02', NULL, 3, 2),
(20, '2025-02-02', NULL, 4, 3),
(21, '2025-02-02', NULL, 6, 4),
(22, '2025-02-02', NULL, 7, 13),
(23, '2025-02-02', NULL, 8, 14),
(24, '2025-02-02', NULL, 9, 15),
(25, '2025-02-02', NULL, 11, 16),
(26, '2025-02-02', NULL, 12, 17),
(27, '2025-02-02', NULL, 14, 18),
(28, '2025-02-02', NULL, 17, 27),
(29, '2025-02-02', NULL, 19, 28),
(30, '2025-02-02', NULL, 18, 29),
(31, '2025-02-01', NULL, 24, 38),
(32, '2025-02-01', NULL, 26, 39),
(33, '2025-02-01', NULL, 28, 40),
(34, '2025-02-01', NULL, 30, 41),
(35, '2025-02-02', NULL, 22, 38),
(36, '2025-02-02', NULL, 25, 39),
(37, '2025-02-02', NULL, 31, 42),
(38, '2025-02-02', NULL, 38, 50),
(39, '2025-02-01', NULL, 41, 75),
(40, '2025-02-02', NULL, 178, 62),
(41, '2025-02-02', NULL, 179, 63),
(42, '2025-02-02', NULL, 181, 64),
(43, '2025-02-02', NULL, 183, 65),
(44, '2025-02-02', NULL, 49, 66),
(45, '2025-02-02', NULL, 44, 67),
(46, '2025-02-02', NULL, 46, 68),
(47, '2025-02-02', NULL, 52, 89),
(48, '2025-02-02', NULL, 58, 91),
(49, '2025-02-02', NULL, 59, 92),
(50, '2025-02-02', NULL, 64, 104),
(51, '2025-02-02', NULL, 147, 222),
(52, '2025-02-01', NULL, 156, 227),
(53, '2025-02-03', NULL, 13, 13),
(54, '2025-02-04', 'Paso a Ginecología', 168, 38),
(55, '2025-02-04', 'Paso a Sala de Parto', 197, 39),
(56, '2025-02-04', 'Paso a Ginecología', 200, 40),
(57, '2025-02-03', NULL, 170, 50),
(58, '2025-02-03', NULL, 175, 75),
(59, '2025-02-03', NULL, 205, 76),
(60, '2025-02-03', NULL, 51, 75),
(61, '2025-02-03', NULL, 47, 76),
(62, '2025-02-03', NULL, 55, 93),
(63, '2025-02-03', NULL, 57, 94),
(64, '2025-02-02', NULL, 65, 107),
(65, '2025-02-02', NULL, 185, 108),
(66, '2025-02-03', NULL, 186, 119),
(67, '2025-02-03', NULL, 77, 135),
(68, '2025-02-03', 'Fallecio', 96, 165),
(69, '2025-02-04', 'Fallecio', 118, 166),
(70, '2025-02-03', NULL, 129, 197),
(71, '2025-02-03', NULL, 130, 198),
(72, '2025-02-03', NULL, 137, 202),
(73, '2025-02-03', NULL, 144, 214),
(74, '2025-02-03', NULL, 217, 215),
(75, '2025-02-03', NULL, 218, 216),
(76, '2025-02-03', 'Paso a Lactantes', 219, 214),
(77, '2025-02-03', 'Paso a Pre Escolares', 220, 215),
(78, '2025-02-04', NULL, 221, 216),
(79, '2025-02-03', NULL, 223, 217),
(80, '2025-02-03', NULL, 224, 218),
(81, '2025-02-03', 'Paso a Ginecología', 151, 223),
(82, '2025-02-04', NULL, 227, 1),
(83, '2025-02-04', 'Paso a Ginecología', 37, 51),
(84, '2025-02-04', NULL, 202, 52),
(85, '2025-02-04', NULL, 203, 53),
(86, '2025-02-04', NULL, 51, 62),
(87, '2025-02-04', NULL, 180, 69),
(88, '2025-02-04', NULL, 174, 77),
(89, '2025-02-04', NULL, 37, 78),
(90, '2025-02-04', NULL, 168, 75),
(91, '2025-02-04', NULL, 241, 89),
(92, '2025-02-04', NULL, 242, 90),
(93, '2025-02-04', NULL, 243, 95),
(94, '2025-02-04', NULL, 63, 96),
(95, '2025-02-04', NULL, 211, 89),
(96, '2025-02-04', NULL, 85, 89),
(97, '2025-02-04', NULL, 82, 90),
(98, '2025-02-03', NULL, 215, 164),
(99, '2025-02-04', NULL, 124, 195),
(100, '2025-02-04', NULL, 255, 199),
(101, '2025-02-04', NULL, 126, 200),
(102, '2025-02-04', NULL, 131, 202),
(103, '2025-02-04', NULL, 216, 203),
(104, '2025-02-04', NULL, 135, 204),
(105, '2025-02-03', NULL, 261, 208),
(106, '2025-02-04', NULL, 153, 227),
(107, '2025-02-05', NULL, 198, 38),
(108, '2025-02-05', NULL, 27, 41),
(109, '2025-02-05', NULL, 169, 42),
(110, '2025-02-05', NULL, 199, 43),
(112, '2025-02-06', NULL, 270, 38),
(113, '2025-02-05', NULL, 34, 50),
(114, '2025-02-05', NULL, 235, 62),
(115, '2025-02-05', NULL, 42, 76),
(116, '2025-02-05', NULL, 200, 77),
(117, '2025-02-05', NULL, 239, 78),
(118, '2025-02-05', NULL, 172, 79),
(119, '2025-02-05', NULL, 66, 80),
(120, '2025-03-05', NULL, 141, 104),
(121, '2025-02-04', NULL, 280, 144),
(122, '2025-02-04', NULL, 281, 145),
(123, '2025-02-05', NULL, 105, 164),
(124, '2025-02-05', NULL, 257, 197),
(125, '2025-02-05', NULL, 258, 198),
(126, '2025-02-05', NULL, 133, 202),
(127, '2025-02-05', NULL, 140, 208),
(128, '2025-02-05', NULL, 142, 209),
(129, '2025-02-04', NULL, 262, 210),
(130, '2025-02-05', NULL, 263, 214),
(131, '2025-02-05', NULL, 264, 215),
(132, '2025-03-05', NULL, 265, 214),
(133, '2025-02-05', NULL, 287, 215),
(134, '2025-02-05', NULL, 288, 228),
(135, '2025-02-06', NULL, 2, 5),
(136, '2025-02-06', NULL, 220, 13),
(137, '2025-02-06', NULL, 266, 26),
(138, '2025-02-06', NULL, 16, 30),
(139, '2025-02-06', NULL, 293, 31),
(140, '2025-02-06', NULL, 228, 32),
(141, '2025-02-06', NULL, 294, 39),
(142, '2025-02-06', NULL, 230, 40),
(143, '2025-02-06', NULL, 272, 62),
(144, '2025-02-06', NULL, 22, 63),
(145, '2025-02-06', NULL, 273, 64),
(146, '2025-02-06', NULL, 238, 75),
(147, '2025-02-06', NULL, 43, 76),
(148, '2025-02-06', NULL, 262, 77),
(149, '2025-02-06', NULL, 232, 81),
(150, '2025-02-06', NULL, 237, 82),
(151, '2025-02-06', NULL, 245, 89),
(152, '2025-02-06', NULL, 246, 90),
(153, '2025-02-06', NULL, 247, 91),
(154, '2025-02-06', NULL, 248, 92),
(155, '2025-02-06', NULL, 249, 93),
(156, '2025-02-06', NULL, 310, 94),
(157, '2025-02-06', NULL, 309, 95),
(158, '2025-02-06', NULL, 209, 105),
(159, '2025-02-06', NULL, 210, 106),
(160, '2025-02-06', NULL, 252, 107),
(161, '2025-02-06', NULL, 189, 119),
(162, '2025-02-06', NULL, 314, 120),
(163, '2025-02-06', NULL, 279, 133),
(164, '2025-02-06', NULL, 120, 183),
(165, '2025-02-06', NULL, 132, 202),
(166, '2025-02-06', NULL, 260, 203),
(167, '2025-02-06', NULL, 139, 208),
(168, '2025-02-07', NULL, 144, 13),
(169, '2025-02-07', NULL, 145, 14),
(170, '2025-02-07', NULL, 298, 38),
(172, '2025-02-07', NULL, 296, 39),
(173, '2025-02-07', NULL, 269, 40),
(174, '2025-02-07', NULL, 297, 41),
(175, '2025-02-07', NULL, 330, 50),
(176, '2025-02-07', NULL, 332, 51),
(177, '2025-02-07', NULL, 334, 52),
(178, '2025-02-07', NULL, 300, 62),
(179, '2025-02-07', NULL, 303, 63),
(180, '2025-02-07', NULL, 199, 62),
(181, '2025-02-07', NULL, 269, 75),
(182, '2025-02-07', NULL, 275, 76),
(183, '2025-02-07', NULL, 339, 77),
(184, '2025-02-07', NULL, 340, 78),
(185, '2025-02-07', NULL, 320, 202),
(186, '2025-02-07', NULL, 134, 203),
(187, '2025-02-07', NULL, 343, 202),
(188, '2025-02-07', NULL, 150, 222),
(189, '2025-02-07', NULL, 194, 1),
(190, '2025-02-08', NULL, 328, 13),
(191, '2025-02-08', NULL, 299, 42),
(192, '2025-02-08', NULL, 352, 43),
(193, '2025-02-08', NULL, 201, 50),
(194, '2025-02-08', NULL, 355, 51),
(195, '2025-02-08', NULL, 333, 53),
(196, '2025-02-08', NULL, 356, 54),
(197, '2025-02-08', NULL, 335, 62),
(198, '2025-02-08', NULL, 338, 63),
(199, '2025-02-08', NULL, 336, 64),
(200, '2025-02-08', NULL, 303, 65),
(201, '2025-02-08', NULL, 298, 75),
(202, '2025-02-08', NULL, 268, 76),
(203, '2025-02-08', NULL, 360, 77),
(204, '2025-02-08', NULL, 362, 89),
(205, '2025-02-08', NULL, 361, 90),
(206, '2025-02-08', NULL, 189, 121),
(207, '2025-02-08', NULL, 71, 122),
(208, '2025-02-08', NULL, 284, 204),
(210, '2025-02-08', NULL, 345, 208),
(211, '2025-02-08', NULL, 324, 222),
(212, '2025-02-08', NULL, 350, 227),
(213, '2025-02-08', NULL, 325, 228),
(214, '2025-02-08', NULL, 164, 229),
(215, '2025-02-08', NULL, 165, 230),
(216, '2025-02-09', NULL, 291, 13),
(217, '2025-02-09', NULL, 348, 14),
(218, '2025-02-09', NULL, 329, 15),
(219, '2025-02-09', NULL, 375, 16),
(220, '2025-02-09', NULL, 377, 38),
(221, '2025-02-09', NULL, 378, 39),
(222, '2025-02-09', NULL, 379, 44),
(223, '2025-02-09', NULL, 333, 50),
(224, '2025-02-09', NULL, 359, 62),
(225, '2025-02-09', NULL, 358, 63),
(226, '2025-02-09', NULL, 278, 89),
(227, '2025-02-09', 'Fallecio', 94, 144),
(228, '2025-02-09', 'Fallecio', 80, 145),
(229, '2025-02-09', NULL, 283, 205),
(230, '2025-02-10', NULL, 396, 38),
(231, '2025-02-10', NULL, 353, 39),
(232, '2025-02-10', NULL, 191, 50),
(233, '2025-02-10', NULL, 176, 51),
(234, '2025-02-10', NULL, 385, 62),
(235, '2025-02-10', NULL, 404, 79),
(236, '2025-02-10', NULL, 364, 104),
(237, '2025-02-10', NULL, 387, 105),
(238, '2025-02-10', NULL, 83, 146),
(239, '2025-02-10', NULL, 95, 147),
(240, '2025-02-10', NULL, 412, 197),
(241, '2025-02-10', NULL, 413, 198),
(242, '2025-02-10', NULL, 416, 208),
(243, '2025-02-10', NULL, 417, 209),
(244, '2025-02-11', NULL, 322, 1),
(245, '2025-02-11', NULL, 374, 2),
(246, '2025-02-11', NULL, 10, 13),
(247, '2025-02-11', NULL, 424, 38),
(248, '2025-02-11', NULL, 403, 62),
(249, '2025-02-11', NULL, 305, 75),
(250, '2025-02-11', NULL, 431, 76),
(251, '2025-02-11', NULL, 368, 148),
(252, '2025-02-11', NULL, 122, 183),
(253, '2025-02-11', NULL, 445, 208),
(254, '2025-02-11', NULL, 444, 210),
(255, '2025-02-12', NULL, 2, 3),
(256, '2025-02-12', NULL, 447, 4),
(257, '2025-03-12', NULL, 452, 38),
(258, '2025-02-12', NULL, 32, 39),
(259, '2025-02-12', NULL, 457, 50),
(260, '2025-02-12', NULL, 456, 50),
(261, '2025-02-12', NULL, 430, 62),
(262, '2025-02-10', NULL, 301, 62),
(263, '2025-02-09', NULL, 402, 63),
(264, '2025-02-12', NULL, 432, 75),
(265, '2025-02-12', NULL, 433, 76),
(266, '2025-02-12', NULL, 435, 77),
(267, '2025-02-12', NULL, 44, 78),
(268, '2025-02-12', NULL, 462, 104),
(269, '2025-02-12', NULL, 463, 106),
(270, '2025-02-12', NULL, 465, 119),
(271, '2025-02-12', NULL, 439, 123),
(272, '2025-02-12', NULL, 88, 144),
(273, '2025-02-12', NULL, 283, 145),
(274, '2025-02-12', NULL, 215, 164),
(275, '2025-02-12', NULL, 141, 165),
(276, '2025-02-12', NULL, 470, 166),
(277, '2025-02-12', NULL, 114, 167),
(278, '2025-02-12', NULL, 415, 197),
(279, '2025-02-12', NULL, 128, 198),
(280, '2025-02-12', NULL, 473, 199),
(281, '2025-02-12', NULL, 467, 202),
(282, '2025-02-12', 'Fallecio', 389, 203),
(283, '2025-02-12', NULL, 321, 206),
(284, '2025-02-13', NULL, 476, 214),
(285, '2025-02-13', NULL, 478, 13),
(286, '2025-02-13', NULL, 351, 26),
(287, '2025-02-13', NULL, 480, 27),
(288, '2025-03-13', NULL, 481, 28),
(289, '2025-02-13', NULL, 427, 51),
(290, '2025-02-13', NULL, 399, 52),
(291, '2025-02-13', NULL, 485, 62),
(292, '2025-02-13', NULL, 270, 64),
(293, '2025-02-13', NULL, 486, 65),
(294, '2025-02-13', NULL, 487, 66),
(295, '2025-02-13', NULL, 492, 75),
(296, '2025-02-13', NULL, 494, 89),
(297, '2025-02-13', NULL, 495, 104),
(298, '2025-02-13', NULL, 435, 107),
(299, '2025-02-13', NULL, 437, 108),
(300, '2025-02-13', NULL, 498, 133),
(301, '2025-02-14', NULL, 503, 197),
(302, '2025-02-13', NULL, 475, 202),
(303, '2025-02-14', NULL, 289, 1),
(304, '2025-02-14', NULL, 508, 13),
(305, '2025-02-14', NULL, 510, 26),
(306, '2025-02-14', NULL, 453, 38),
(307, '2025-02-14', NULL, 511, 39),
(308, '2025-02-14', NULL, 512, 40),
(309, '2025-02-14', NULL, 426, 41),
(310, '2025-02-14', NULL, 513, 45),
(311, '2025-02-14', NULL, 514, 46),
(312, '2025-02-14', NULL, 456, 53),
(313, '2025-02-14', NULL, 519, 62),
(314, '2025-02-14', NULL, 520, 63),
(315, '2025-02-14', NULL, 489, 64),
(316, '2025-02-14', NULL, 490, 65),
(317, '2025-02-14', NULL, 521, 67),
(318, '2025-02-14', NULL, 32, 68),
(319, '2025-02-14', NULL, 406, 75),
(320, '2025-02-14', NULL, 418, 76),
(321, '2025-02-14', NULL, 423, 79),
(322, '2025-02-14', NULL, 434, 90),
(323, '2025-02-14', NULL, 523, 91),
(324, '2025-02-14', NULL, 527, 119),
(325, '2025-02-14', NULL, 390, 164),
(326, '2025-02-14', NULL, 65, 165),
(327, '2025-02-14', NULL, 473, 166),
(328, '2025-02-14', NULL, 140, 167),
(329, '2025-02-14', NULL, 344, 168),
(330, '2025-02-14', NULL, 147, 169),
(331, '2025-02-14', NULL, 97, 170),
(332, '2025-02-14', NULL, 529, 197),
(333, '2025-02-15', NULL, 448, 2),
(334, '2025-02-15', NULL, 265, 14),
(335, '2025-02-15', NULL, 482, 26),
(336, '2025-02-15', NULL, 371, 27),
(337, '2025-02-15', NULL, 157, 29),
(338, '2025-02-15', NULL, 538, 50),
(339, '2025-02-15', NULL, 539, 51),
(340, '2025-02-15', NULL, 540, 54),
(341, '2025-02-15', NULL, 401, 62),
(342, '2025-02-15', NULL, 544, 69),
(343, '2025-02-15', NULL, 460, 83),
(344, '2025-02-15', NULL, 525, 89),
(345, '2025-02-15', NULL, 526, 90),
(347, '2025-02-15', NULL, 558, 109),
(348, '2025-02-15', NULL, 73, 120),
(349, '2025-02-15', NULL, 253, 121),
(350, '2025-02-15', NULL, 499, 133),
(351, '2025-02-15', NULL, 497, 134),
(352, '2025-02-15', NULL, 501, 135),
(353, '2025-02-15', NULL, 125, 144),
(354, '2025-02-16', 'Fallecio', 341, 202),
(355, '2025-02-15', NULL, 563, 214),
(356, '2025-02-15', NULL, 562, 215),
(357, '2025-02-15', NULL, 149, 224),
(359, '2025-02-16', NULL, 565, 1),
(360, '2025-02-16', NULL, 566, 2),
(361, '2025-02-16', NULL, 451, 26),
(362, '2025-02-16', NULL, 570, 30),
(363, '2025-02-16', NULL, 372, 31),
(364, '2025-02-16', NULL, 373, 32),
(365, '2025-02-16', NULL, 549, 62),
(366, '2025-02-16', NULL, 550, 63),
(367, '2025-02-16', NULL, 577, 64),
(368, '2025-03-16', NULL, 578, 65),
(369, '2025-02-16', NULL, 579, 66),
(370, '2025-02-16', NULL, 546, 67),
(371, '2025-02-16', NULL, 321, 144),
(372, '2025-02-16', NULL, 505, 203),
(373, '2025-02-16', NULL, 388, 207),
(374, '2025-02-16', NULL, 564, 216),
(375, '2025-02-16', NULL, 568, 217),
(376, '2025-02-17', NULL, 600, 227),
(377, '2025-02-17', NULL, 601, 13),
(378, '2025-02-17', NULL, 23, 38),
(379, '2025-02-17', NULL, 454, 50),
(380, '2025-02-17', NULL, 585, 62),
(381, '2025-02-17', NULL, 607, 63),
(382, '2025-02-17', NULL, 545, 64),
(383, '2025-02-17', NULL, 606, 65),
(384, '2025-02-17', NULL, 251, 75),
(385, '2025-02-17', NULL, 553, 76),
(386, '2025-02-17', NULL, 613, 77),
(387, '2025-03-17', NULL, 150, 145),
(388, '2025-02-17', NULL, 147, 164),
(389, '2025-02-17', NULL, 390, 165),
(390, '2025-02-17', NULL, 617, 183),
(391, '2025-02-17', NULL, 443, 184),
(392, '2025-02-17', NULL, 618, 194),
(393, '2025-02-17', NULL, 532, 198),
(394, '2025-02-17', NULL, 622, 202),
(395, '2025-02-17', NULL, 392, 1),
(396, '2025-02-17', NULL, 393, 5),
(397, '2025-02-17', NULL, 629, 6),
(398, '2025-02-18', NULL, 633, 26),
(399, '2025-02-18', NULL, 23, 39),
(400, '2025-02-18', NULL, 575, 51),
(401, '2025-02-18', NULL, 517, 52),
(402, '2025-02-18', NULL, 639, 53),
(403, '2025-02-18', NULL, 574, 62),
(405, '2025-02-18', NULL, 399, 63),
(406, '2025-02-18', NULL, 580, 64),
(407, '2025-02-18', NULL, 608, 65),
(408, '2025-02-18', NULL, 556, 75),
(409, '2025-02-18', NULL, 641, 78),
(410, '2025-02-18', NULL, 642, 89),
(411, '2025-02-18', NULL, 74, 119),
(412, '2025-02-18', NULL, 646, 146),
(413, '2025-02-18', NULL, 647, 171),
(414, '2025-02-18', NULL, 654, 208),
(415, '2025-03-18', 'Fallecio', 148, 225);

-- --------------------------------------------------------

--
-- Estructura de tabla para la tabla `ingresos`
--

CREATE TABLE `ingresos` (
  `id` bigint(20) UNSIGNED NOT NULL,
  `fecha_ingreso` date NOT NULL,
  `observacion` varchar(20) DEFAULT NULL,
  `id_paciente` int(11) DEFAULT NULL,
  `id_subservicio` int(11) DEFAULT NULL
) ENGINE=InnoDB DEFAULT CHARSET=utf8mb4 COLLATE=utf8mb4_general_ci;

--
-- Volcado de datos para la tabla `ingresos`
--

INSERT INTO `ingresos` (`id`, `fecha_ingreso`, `observacion`, `id_paciente`, `id_subservicio`) VALUES
(1, '2025-01-28', NULL, 1, 1),
(2, '2025-01-22', NULL, 2, 2),
(3, '2025-02-01', NULL, 3, 3),
(4, '2025-01-30', NULL, 4, 4),
(5, '2025-01-27', NULL, 5, 5),
(6, '2025-01-27', NULL, 7, 13),
(7, '2025-01-27', NULL, 8, 14),
(8, '2025-01-23', NULL, 9, 15),
(9, '2025-01-28', NULL, 10, 16),
(10, '2025-01-31', NULL, 11, 17),
(11, '2025-01-29', NULL, 12, 18),
(12, '2025-01-30', NULL, 13, 19),
(13, '2025-01-26', NULL, 14, 20),
(15, '2025-01-27', NULL, 15, 26),
(16, '2025-01-30', NULL, 16, 27),
(17, '2025-02-01', NULL, 17, 28),
(18, '2025-01-30', NULL, 18, 29),
(19, '2025-01-31', NULL, 19, 30),
(20, '2025-01-27', NULL, 20, 31),
(21, '2025-02-01', NULL, 3, 32),
(22, '2025-02-01', NULL, 27, 38),
(23, '2025-02-01', NULL, 29, 39),
(24, '2025-02-01', NULL, 32, 40),
(25, '2025-02-01', NULL, 33, 50),
(26, '2025-01-31', NULL, 34, 51),
(27, '2025-01-30', NULL, 35, 52),
(28, '2025-01-30', NULL, 36, 53),
(29, '2025-02-01', NULL, 37, 54),
(30, '2025-01-31', NULL, 38, 55),
(31, '2025-02-01', NULL, 39, 56),
(32, '2025-01-30', NULL, 40, 57),
(33, '2025-02-01', NULL, 41, 75),
(34, '2025-02-01', NULL, 42, 76),
(35, '2025-02-01', NULL, 43, 77),
(36, '2025-02-01', NULL, 44, 62),
(37, '2025-01-30', NULL, 45, 63),
(38, '2025-02-01', NULL, 46, 64),
(39, '2025-02-01', NULL, 47, 65),
(40, '2025-02-01', NULL, 48, 66),
(41, '2025-02-01', NULL, 49, 67),
(42, '2025-02-01', NULL, 50, 68),
(44, '2025-02-01', NULL, 52, 89),
(45, '2025-01-25', NULL, 53, 90),
(46, '2025-02-27', NULL, 54, 91),
(47, '2025-01-31', NULL, 55, 92),
(48, '2025-01-23', NULL, 56, 93),
(49, '2025-01-30', NULL, 57, 94),
(50, '2025-02-01', NULL, 54, 95),
(53, '2025-01-28', NULL, 59, 96),
(54, '2025-01-21', NULL, 60, 97),
(55, '2025-01-14', NULL, 61, 98),
(56, '2025-01-27', NULL, 62, 99),
(57, '2025-01-31', NULL, 63, 100),
(58, '2025-01-31', NULL, 64, 104),
(59, '2025-02-01', NULL, 65, 105),
(60, '2025-01-30', NULL, 66, 106),
(61, '2025-01-30', NULL, 67, 107),
(63, '2025-01-29', NULL, 68, 108),
(64, '2025-01-28', NULL, 69, 109),
(65, '2025-01-29', NULL, 70, 110),
(66, '2025-01-09', NULL, 71, 119),
(67, '2025-01-23', NULL, 72, 120),
(68, '2025-01-27', NULL, 73, 121),
(69, '2025-01-23', NULL, 74, 122),
(70, '2025-01-23', NULL, 75, 133),
(71, '2025-02-01', NULL, 76, 134),
(72, '2025-01-30', NULL, 77, 135),
(73, '2025-01-22', NULL, 78, 136),
(74, '2025-01-20', NULL, 79, 144),
(75, '2025-01-25', NULL, 80, 145),
(76, '2025-01-20', NULL, 81, 146),
(77, '2025-01-27', NULL, 82, 147),
(78, '2025-01-16', NULL, 83, 148),
(79, '2025-01-28', NULL, 84, 149),
(80, '2025-01-27', NULL, 85, 150),
(81, '2025-01-29', NULL, 86, 151),
(82, '2025-01-19', NULL, 87, 152),
(83, '2025-01-09', NULL, 88, 153),
(84, '2025-01-23', NULL, 89, 154),
(85, '2025-01-28', NULL, 90, 155),
(86, '2025-01-09', NULL, 91, 156),
(87, '2025-01-31', NULL, 92, 157),
(88, '2025-01-19', NULL, 93, 158),
(89, '2025-01-30', NULL, 94, 159),
(90, '2025-01-27', NULL, 95, 160),
(91, '2025-01-24', NULL, 96, 164),
(92, '2025-02-01', NULL, 97, 165),
(93, '2025-01-22', NULL, 98, 166),
(94, '2025-01-31', NULL, 100, 167),
(95, '2025-01-27', NULL, 101, 168),
(96, '2025-01-31', NULL, 102, 169),
(97, '2025-01-27', NULL, 103, 170),
(98, '2025-01-30', NULL, 117, 171),
(99, '2025-01-21', NULL, 104, 172),
(100, '2025-01-28', NULL, 105, 173),
(101, '2024-12-29', NULL, 106, 174),
(102, '2025-02-01', NULL, 107, 175),
(103, '2025-01-23', NULL, 108, 176),
(104, '2025-01-22', NULL, 109, 177),
(105, '2025-02-01', NULL, 110, 178),
(106, '2025-01-28', NULL, 112, 179),
(107, '2025-01-30', NULL, 113, 180),
(108, '2025-01-24', NULL, 114, 181),
(109, '2025-01-24', NULL, 118, 182),
(110, '2025-01-21', NULL, 119, 183),
(111, '2025-01-22', NULL, 120, 184),
(112, '2025-01-23', NULL, 121, 185),
(113, '2025-01-31', NULL, 122, 186),
(114, '2025-01-27', NULL, 123, 194),
(115, '2025-01-30', NULL, 124, 195),
(116, '2025-01-31', NULL, 125, 196),
(117, '2025-01-31', NULL, 126, 197),
(118, '2025-01-30', NULL, 127, 198),
(119, '2025-01-29', NULL, 128, 199),
(120, '2025-02-01', NULL, 129, 200),
(121, '2025-01-30', NULL, 130, 201),
(122, '2025-01-29', NULL, 131, 202),
(123, '2025-01-31', NULL, 132, 203),
(124, '2025-01-31', NULL, 133, 204),
(125, '2025-01-29', NULL, 134, 205),
(126, '2025-02-01', NULL, 135, 206),
(127, '2025-02-01', NULL, 136, 207),
(128, '2025-02-01', NULL, 137, 202),
(129, '2025-01-25', NULL, 138, 208),
(130, '2025-01-25', NULL, 139, 209),
(132, '2025-01-26', NULL, 140, 210),
(133, '2025-01-29', NULL, 141, 211),
(134, '2025-01-29', NULL, 142, 212),
(135, '2025-01-27', NULL, 143, 213),
(136, '2025-02-01', NULL, 144, 214),
(137, '2025-02-01', NULL, 145, 215),
(138, '2025-02-01', NULL, 146, 216),
(139, '2025-01-21', NULL, 147, 222),
(140, '2025-02-01', NULL, 148, 223),
(141, '2025-01-13', NULL, 149, 224),
(142, '2025-01-18', NULL, 150, 225),
(143, '2025-01-31', NULL, 151, 226),
(144, '2025-01-30', NULL, 6, 6),
(145, '2025-01-29', NULL, 21, 41),
(146, '2025-01-30', NULL, 22, 42),
(147, '2025-01-28', NULL, 23, 43),
(148, '2025-01-27', NULL, 25, 44),
(149, '2025-01-28', NULL, 31, 45),
(150, '2025-01-29', NULL, 24, 46),
(151, '2025-01-28', NULL, 26, 47),
(152, '2025-01-31', NULL, 28, 48),
(153, '2025-01-28', NULL, 30, 49),
(154, '2025-02-02', NULL, 168, 38),
(155, '2025-02-02', NULL, 169, 39),
(156, '2025-02-02', NULL, 170, 50),
(157, '2025-02-02', NULL, 171, 51),
(158, '2025-02-02', NULL, 172, 52),
(159, '2025-02-02', NULL, 173, 75),
(160, '2025-02-02', NULL, 174, 78),
(161, '2025-02-02', NULL, 175, 79),
(162, '2025-02-02', NULL, 176, 80),
(163, '2025-02-02', NULL, 177, 62),
(164, '2025-02-02', NULL, 51, 69),
(165, '2025-02-02', NULL, 180, 70),
(166, '2025-02-02', NULL, 178, 71),
(167, '2025-02-02', NULL, 179, 72),
(168, '2025-02-02', NULL, 181, 73),
(169, '2025-02-02', NULL, 183, 74),
(170, '2025-02-02', NULL, 184, 89),
(171, '2025-02-02', NULL, 185, 104),
(172, '2025-02-02', NULL, 188, 119),
(173, '2025-02-02', NULL, 189, 123),
(174, '2025-02-02', NULL, 187, 124),
(175, '2025-02-02', NULL, 186, 125),
(176, '2025-02-02', NULL, 191, 208),
(177, '2025-01-27', NULL, 152, 227),
(178, '2025-01-28', NULL, 153, 228),
(179, '2025-01-29', NULL, 154, 229),
(180, '2025-01-28', NULL, 155, 230),
(181, '2025-01-29', NULL, 156, 231),
(182, '2025-01-27', NULL, 157, 232),
(183, '2025-01-28', NULL, 158, 233),
(184, '2025-01-29', NULL, 159, 234),
(185, '2025-01-30', NULL, 161, 235),
(186, '2025-01-29', NULL, 162, 236),
(187, '2025-01-29', NULL, 163, 237),
(188, '2025-01-28', NULL, 164, 238),
(189, '2025-01-29', NULL, 165, 239),
(190, '2025-01-27', NULL, 166, 240),
(191, '2025-01-29', NULL, 167, 241),
(192, '2025-02-01', NULL, 193, 227),
(193, '2025-02-01', NULL, 192, 242),
(194, '2025-02-03', NULL, 194, 1),
(195, '2025-02-03', NULL, 144, 13),
(196, '2025-02-03', NULL, 195, 14),
(197, '2025-01-31', NULL, 145, 15),
(198, '2025-02-03', NULL, 196, 38),
(199, '2025-02-03', NULL, 197, 39),
(200, '2025-02-03', NULL, 198, 40),
(201, '2025-02-03', NULL, 199, 41),
(202, '2025-02-03', NULL, 200, 42),
(203, '2025-02-03', NULL, 201, 50),
(204, '2025-02-03', NULL, 205, 58),
(205, '2025-02-03', NULL, 204, 59),
(206, '2025-03-03', NULL, 172, 60),
(207, '2025-02-03', NULL, 206, 62),
(208, '2025-02-03', NULL, 51, 75),
(209, '2025-02-03', NULL, 151, 76),
(210, '2025-02-03', NULL, 47, 81),
(211, '2025-02-03', NULL, 207, 89),
(212, '2025-02-03', NULL, 208, 90),
(213, '2025-02-03', NULL, 141, 104),
(214, '2025-02-03', NULL, 209, 105),
(215, '2025-02-03', NULL, 210, 106),
(216, '2025-02-03', NULL, 212, 119),
(217, '2025-02-03', NULL, 211, 126),
(218, '2025-02-03', NULL, 213, 133),
(219, '2025-02-03', NULL, 137, 161),
(220, '2025-02-03', NULL, 214, 162),
(221, '2025-02-03', NULL, 215, 164),
(222, '2025-02-03', NULL, 65, 165),
(223, '2025-02-03', NULL, 216, 202),
(224, '2025-02-03', NULL, 219, 214),
(225, '2025-02-03', NULL, 220, 215),
(226, '2025-02-03', NULL, 221, 216),
(227, '2025-02-03', NULL, 223, 217),
(228, '2025-02-03', NULL, 224, 218),
(229, '2025-02-03', NULL, 225, 219),
(230, '2025-02-04', NULL, 229, 13),
(231, '2025-02-04', NULL, 228, 16),
(232, '2025-02-04', NULL, 230, 38),
(233, '2025-02-04', NULL, 97, 50),
(234, '2025-02-04', NULL, 231, 51),
(235, '2025-02-04', NULL, 232, 52),
(236, '2025-02-04', NULL, 233, 53),
(237, '2025-02-04', NULL, 234, 62),
(238, '2025-02-04', NULL, 235, 63),
(239, '2025-02-04', NULL, 236, 64),
(240, '2025-03-04', NULL, 237, 75),
(241, '2025-02-04', NULL, 238, 76),
(242, '2025-02-04', NULL, 239, 77),
(243, '2025-02-04', NULL, 200, 78),
(244, '2025-02-04', NULL, 240, 82),
(245, '2025-02-04', NULL, 168, 83),
(246, '2025-02-04', NULL, 244, 89),
(247, '2025-02-04', NULL, 122, 90),
(248, '2025-02-04', NULL, 245, 91),
(249, '2025-02-04', NULL, 246, 92),
(250, '2025-02-04', NULL, 247, 93),
(251, '2025-02-04', NULL, 248, 94),
(252, '2025-02-04', NULL, 249, 95),
(253, '2025-02-04', NULL, 250, 107),
(254, '2025-02-04', NULL, 251, 108),
(255, '2025-02-04', NULL, 252, 96),
(256, '2025-02-04', NULL, 253, 89),
(258, '2025-02-04', NULL, 131, 89),
(259, '2025-02-04', NULL, 254, 166),
(260, '2025-02-04', NULL, 255, 164),
(261, '2025-02-04', NULL, 256, 187),
(262, '2025-02-04', NULL, 257, 197),
(263, '2025-02-04', NULL, 258, 198),
(264, '2025-02-04', NULL, 259, 199),
(265, '2025-02-04', NULL, 260, 202),
(266, '2025-02-04', NULL, 262, 208),
(267, '2025-02-04', NULL, 263, 214),
(268, '2025-02-04', NULL, 264, 215),
(269, '2025-02-05', NULL, 265, 17),
(270, '2025-02-05', NULL, 266, 26),
(271, '2025-02-05', NULL, 267, 38),
(272, '2025-02-05', NULL, 268, 39),
(273, '2025-02-05', NULL, 269, 40),
(274, '2025-02-06', NULL, 270, 41),
(275, '2025-02-05', NULL, 271, 50),
(276, '2025-02-05', NULL, 272, 62),
(277, '2025-02-05', NULL, 274, 65),
(278, '2025-02-05', NULL, 273, 66),
(279, '2025-02-05', NULL, 275, 75),
(280, '2025-02-05', NULL, 276, 76),
(281, '2025-02-05', NULL, 277, 77),
(282, '2025-02-06', NULL, 278, 90),
(283, '2025-02-05', NULL, 279, 134),
(284, '2025-02-05', NULL, 133, 144),
(285, '2025-02-05', NULL, 140, 164),
(286, '2025-02-05', NULL, 282, 194),
(287, '2025-02-05', NULL, 283, 202),
(288, '2025-02-05', NULL, 284, 203),
(289, '2025-02-05', NULL, 258, 208),
(290, '2025-02-06', NULL, 285, 209),
(291, '2025-02-05', NULL, 265, 214),
(292, '2025-02-05', NULL, 287, 215),
(293, '2025-02-06', NULL, 290, 1),
(294, '2025-02-06', NULL, 289, 2),
(295, '2025-02-06', NULL, 291, 13),
(296, '2025-02-06', NULL, 292, 18),
(297, '2025-02-06', NULL, 299, 38),
(298, '2025-02-06', NULL, 295, 39),
(299, '2025-02-06', NULL, 298, 40),
(300, '2025-02-06', NULL, 297, 42),
(301, '2025-02-06', NULL, 296, 43),
(302, '2025-02-06', NULL, 300, 62),
(303, '2025-02-06', NULL, 301, 63),
(304, '2025-02-06', NULL, 302, 64),
(305, '2025-02-06', NULL, 303, 67),
(306, '2025-02-06', NULL, 304, 68),
(307, '2025-02-06', NULL, 305, 75),
(308, '2025-02-06', NULL, 275, 76),
(309, '2025-02-06', NULL, 306, 77),
(310, '2025-02-06', NULL, 23, 78),
(311, '2025-02-06', NULL, 308, 79),
(312, '2025-02-06', NULL, 311, 89),
(313, '2025-02-06', NULL, 313, 90),
(314, '2025-02-06', NULL, 312, 91),
(315, '2025-02-07', NULL, 285, 104),
(316, '2025-02-06', NULL, 315, 133),
(317, '2025-02-06', NULL, 316, 135),
(318, '2025-02-06', NULL, 317, 137),
(319, '2025-02-06', NULL, 318, 197),
(320, '2025-02-06', NULL, 319, 198),
(321, '2025-02-06', NULL, 320, 202),
(322, '2025-02-06', NULL, 321, 203),
(323, '2025-02-06', NULL, 323, 214),
(324, '2025-02-06', NULL, 322, 215),
(325, '2025-02-06', NULL, 292, 216),
(326, '2025-02-06', NULL, 324, 222),
(327, '2025-02-06', NULL, 325, 227),
(328, '2025-02-06', NULL, 2, 3),
(329, '2025-02-07', NULL, 326, 13),
(330, '2025-02-07', NULL, 327, 14),
(331, '2025-02-07', NULL, 328, 21),
(332, '2025-02-07', NULL, 329, 22),
(333, '2025-02-07', NULL, 331, 50),
(334, '2025-02-07', NULL, 333, 51),
(335, '2025-02-07', NULL, 335, 62),
(336, '2025-02-07', NULL, 336, 63),
(337, '2025-02-07', NULL, 338, 69),
(338, '2025-02-07', NULL, 337, 62),
(341, '2025-02-07', NULL, 298, 75),
(342, '2025-02-07', NULL, 296, 76),
(343, '2025-02-07', NULL, 277, 77),
(344, '2025-02-07', NULL, 150, 145),
(345, '2025-02-07', NULL, 342, 204),
(346, '2025-02-07', NULL, 341, 202),
(347, '2025-02-07', NULL, 345, 208),
(348, '2025-02-07', NULL, 138, 210),
(349, '2025-02-07', NULL, 319, 222),
(350, '2025-02-07', NULL, 346, 228),
(351, '2025-02-08', NULL, 323, 1),
(352, '2025-02-08', NULL, 348, 13),
(353, '2025-02-08', NULL, 349, 26),
(354, '2025-02-08', NULL, 164, 27),
(355, '2025-02-08', NULL, 350, 28),
(356, '2025-02-08', NULL, 351, 29),
(357, '2025-02-08', NULL, 353, 38),
(358, '2025-02-08', NULL, 354, 39),
(359, '2025-02-08', NULL, 357, 50),
(360, '2025-02-08', NULL, 359, 62),
(361, '2025-02-08', NULL, 358, 63),
(362, '2025-02-08', NULL, 324, 89),
(363, '2025-02-08', NULL, 363, 90),
(364, '2025-02-08', NULL, 364, 105),
(365, '2025-02-08', NULL, 365, 106),
(366, '2025-02-08', NULL, 366, 107),
(367, '2025-03-08', NULL, 367, 163),
(368, '2025-02-08', NULL, 369, 183),
(369, '2025-02-08', NULL, 370, 227),
(370, '2025-02-08', NULL, 165, 228),
(371, '2025-02-08', NULL, 371, 229),
(372, '2025-02-08', NULL, 372, 230),
(374, '2025-02-09', NULL, 374, 4),
(375, '2025-02-09', NULL, 376, 13),
(376, '2025-02-09', NULL, 380, 38),
(377, '2025-02-09', NULL, 381, 39),
(378, '2025-02-09', NULL, 382, 50),
(379, '2025-02-09', NULL, 383, 51),
(380, '2025-02-09', NULL, 384, 52),
(381, '2025-02-09', NULL, 385, 62),
(382, '2025-02-09', NULL, 386, 89),
(383, '2025-02-09', NULL, 387, 111),
(384, '2025-02-09', NULL, 388, 202),
(385, '2025-02-09', NULL, 389, 203),
(386, '2025-02-09', NULL, 282, 208),
(387, '2025-02-10', NULL, 391, 5),
(388, '2025-02-10', NULL, 392, 7),
(389, '2025-02-10', NULL, 393, 8),
(390, '2025-02-10', NULL, 394, 14),
(391, '2025-02-10', NULL, 395, 15),
(392, '2025-02-10', NULL, 397, 38),
(394, '2025-02-10', NULL, 398, 39),
(395, '2025-02-10', NULL, 399, 50),
(396, '2025-02-10', NULL, 400, 51),
(397, '2025-02-10', NULL, 401, 62),
(398, '2025-02-10', NULL, 403, 63),
(399, '2025-02-10', NULL, 402, 64),
(400, '2025-02-10', NULL, 406, 75),
(401, '2025-02-10', NULL, 405, 76),
(402, '2025-02-10', NULL, 407, 77),
(403, '2025-02-10', NULL, 408, 78),
(404, '2025-02-10', NULL, 409, 92),
(405, '2025-02-10', NULL, 410, 112),
(406, '2025-02-10', NULL, 414, 197),
(407, '2025-02-10', NULL, 415, 198),
(409, '2025-02-11', NULL, 418, 208),
(410, '2025-02-10', NULL, 421, 30),
(411, '2025-02-11', NULL, 425, 38),
(412, '2025-02-11', NULL, 422, 40),
(413, '2025-02-11', NULL, 423, 41),
(414, '2025-02-11', NULL, 428, 62),
(415, '2025-02-11', NULL, 429, 65),
(416, '2025-02-11', NULL, 418, 75),
(417, '2025-02-11', NULL, 432, 76),
(418, '2025-02-11', NULL, 433, 79),
(419, '2025-02-11', NULL, 434, 93),
(420, '2025-02-11', NULL, 435, 104),
(421, '2025-02-11', NULL, 439, 119),
(422, '2025-02-11', NULL, 441, 144),
(423, '2025-02-11', NULL, 342, 145),
(424, '2025-02-11', NULL, 442, 146),
(425, '2025-02-11', NULL, 443, 183),
(426, '2025-02-11', NULL, 446, 208),
(427, '2025-03-12', NULL, 448, 1),
(428, '2025-02-13', NULL, 449, 13),
(429, '2025-02-12', NULL, 450, 31),
(430, '2025-02-11', NULL, 451, 32),
(431, '2025-02-12', NULL, 453, 38),
(432, '2025-02-12', NULL, 454, 50),
(433, '2025-02-12', NULL, 455, 53),
(434, '2025-02-12', NULL, 456, 54),
(435, '2025-02-12', NULL, 459, 62),
(436, '2025-02-12', NULL, 458, 62),
(437, '2025-02-12', NULL, 460, 75),
(438, '2025-02-12', NULL, 461, 76),
(439, '2025-02-12', NULL, 464, 104),
(440, '2025-02-12', NULL, 466, 119),
(441, '2025-02-12', NULL, 468, 120),
(442, '2025-02-12', NULL, 467, 121),
(443, '2025-02-12', NULL, 469, 138),
(444, '2025-02-12', NULL, 90, 144),
(445, '2025-02-12', NULL, 471, 164),
(446, '2025-02-12', NULL, 97, 165),
(447, '2025-02-12', NULL, 472, 166),
(448, '2025-02-12', NULL, 415, 167),
(449, '2025-02-12', NULL, 474, 202),
(450, '2025-02-12', NULL, 475, 203),
(451, '2025-02-12', NULL, 476, 217),
(452, '2025-02-13', NULL, 477, 2),
(453, '2025-02-13', NULL, 479, 13),
(454, '2025-02-13', NULL, 483, 26),
(455, '2025-02-13', NULL, 482, 27),
(456, '2025-02-13', NULL, 484, 39),
(457, '2025-02-13', NULL, 488, 62),
(458, '2025-02-13', NULL, 489, 63),
(459, '2025-02-13', NULL, 490, 64),
(460, '2025-02-13', NULL, 491, 65),
(461, '2025-02-13', NULL, 493, 75),
(462, '2025-02-13', NULL, 496, 122),
(463, '2025-02-13', NULL, 497, 133),
(464, '2025-02-13', NULL, 499, 139),
(465, '2025-02-13', NULL, 500, 140),
(466, '2025-02-13', NULL, 501, 141),
(467, '2025-02-13', NULL, 502, 145),
(468, '2025-02-13', NULL, 503, 197),
(469, '2025-02-13', NULL, 504, 197),
(470, '2025-02-13', NULL, 505, 202),
(471, '2025-02-13', NULL, 506, 214),
(472, '2025-02-13', NULL, 507, 218),
(473, '2025-02-14', NULL, 509, 26),
(474, '2025-02-14', NULL, 515, 38),
(475, '2025-02-14', NULL, 23, 39),
(476, '2025-02-14', NULL, 518, 50),
(477, '2025-02-14', NULL, 517, 51),
(478, '2025-02-14', NULL, 522, 62),
(479, '2025-02-14', NULL, 524, 89),
(480, '2025-02-14', NULL, 525, 90),
(481, '2025-02-14', NULL, 526, 91),
(482, '2025-02-14', NULL, 528, 164),
(483, '2025-02-14', NULL, 529, 188),
(484, '2025-02-14', NULL, 531, 195),
(485, '2025-02-14', NULL, 529, 198),
(486, '2025-02-14', NULL, 532, 199),
(487, '2025-02-14', NULL, 533, 220),
(488, '2025-02-15', NULL, 534, 1),
(489, '2025-02-15', NULL, 533, 2),
(491, '2025-02-15', NULL, 535, 13),
(492, '2025-02-15', NULL, 536, 26),
(493, '2025-02-15', NULL, 537, 40),
(494, '2025-02-15', NULL, 541, 50),
(495, '2025-02-15', NULL, 542, 51),
(496, '2025-02-15', NULL, 543, 52),
(497, '2025-02-15', NULL, 545, 62),
(498, '2025-02-15', NULL, 546, 63),
(499, '2025-02-15', NULL, 547, 64),
(500, '2025-02-15', NULL, 548, 65),
(501, '2025-02-15', NULL, 549, 66),
(502, '2025-02-15', NULL, 550, 67),
(503, '2025-02-15', NULL, 551, 68),
(504, '2025-02-15', NULL, 554, 75),
(505, '2025-02-15', NULL, 552, 76),
(506, '2025-02-15', NULL, 553, 77),
(507, '2025-02-15', NULL, 555, 78),
(508, '2025-02-14', NULL, 556, 79),
(509, '2025-02-12', NULL, 557, 80),
(510, '2025-02-15', NULL, 560, 189),
(511, '2025-02-15', NULL, 561, 221),
(512, '2025-02-16', NULL, 567, 14),
(513, '2025-02-16', NULL, 568, 16),
(514, '2025-02-16', NULL, 569, 23),
(515, '2025-02-12', NULL, 165, 26),
(516, '2025-02-14', NULL, 509, 27),
(517, '2025-02-11', NULL, 155, 28),
(518, '2025-02-13', NULL, 164, 29),
(519, '2025-02-10', NULL, 571, 30),
(520, '2025-02-09', NULL, 572, 31),
(521, '2025-02-16', NULL, 573, 41),
(522, '2025-02-16', NULL, 574, 42),
(523, '2025-02-16', NULL, 575, 53),
(524, '2025-02-16', NULL, 576, 54),
(525, '2025-02-16', NULL, 585, 62),
(526, '2025-02-16', NULL, 584, 63),
(527, '2025-02-16', NULL, 583, 64),
(528, '2025-02-16', NULL, 582, 65),
(529, '2025-02-16', NULL, 581, 66),
(530, '2025-02-16', NULL, 580, 67),
(531, '2025-02-16', NULL, 586, 81),
(532, '2025-02-16', NULL, 587, 89),
(533, '2025-02-16', NULL, 589, 90),
(534, '2025-02-16', NULL, 588, 94),
(535, '2025-02-16', NULL, 591, 104),
(536, '2025-02-16', NULL, 590, 105),
(537, '2025-02-16', NULL, 592, 119),
(538, '2025-02-16', NULL, 505, 144),
(539, '2025-02-16', NULL, 593, 165),
(540, '2025-02-16', NULL, 595, 202),
(541, '2025-02-16', NULL, 594, 203),
(542, '2025-02-16', NULL, 597, 209),
(543, '2025-02-16', NULL, 598, 210),
(544, '2025-02-16', NULL, 599, 214),
(545, '2025-02-17', NULL, 563, 1),
(546, '2025-02-17', NULL, 602, 13),
(547, '2025-02-17', NULL, 603, 32),
(548, '2025-02-17', NULL, 604, 33),
(549, '2025-02-17', NULL, 610, 62),
(550, '2025-02-17', NULL, 609, 63),
(551, '2025-02-17', NULL, 608, 64),
(552, '2025-02-17', NULL, 611, 65),
(553, '2025-02-17', NULL, 612, 75),
(554, '2025-02-17', NULL, 614, 95),
(555, '2025-02-17', NULL, 615, 106),
(556, '2025-02-17', NULL, 616, 107),
(557, '2025-02-17', NULL, 619, 194),
(558, '2025-02-17', NULL, 620, 197),
(559, '2025-02-17', NULL, 621, 202),
(560, '2025-02-17', NULL, 618, 204),
(561, '2025-02-17', NULL, 623, 215),
(562, '2025-02-17', NULL, 624, 216),
(563, '2025-02-17', NULL, 625, 217),
(564, '2025-02-18', NULL, 626, 1),
(565, '2025-02-18', NULL, 627, 2),
(566, '2025-02-18', NULL, 628, 3),
(567, '2025-02-18', NULL, 630, 24),
(568, '2025-02-18', NULL, 631, 25),
(569, '2025-02-18', NULL, 635, 26),
(570, '2025-02-18', NULL, 634, 34),
(571, '2025-02-18', NULL, 637, 38),
(572, '2025-02-18', NULL, 638, 39),
(573, '2025-02-18', NULL, 636, 43),
(574, '2025-02-18', NULL, 640, 62),
(575, '2025-02-17', NULL, 645, 133),
(576, '2025-02-18', NULL, 643, 134),
(577, '2025-02-18', NULL, 644, 135),
(578, '2025-02-18', NULL, 649, 164),
(579, '2025-02-18', NULL, 648, 165),
(580, '2025-02-19', NULL, 651, 183),
(581, '2025-02-18', NULL, 653, 205),
(582, '2025-02-18', NULL, 652, 206),
(583, '2025-02-18', NULL, 655, 208);

-- --------------------------------------------------------

--
-- Estructura de tabla para la tabla `paciente`
--

CREATE TABLE `paciente` (
  `id` bigint(20) UNSIGNED NOT NULL,
  `dni` int(11) DEFAULT NULL,
  `nombre` varchar(100) NOT NULL,
  `edad` int(11) DEFAULT NULL
) ENGINE=InnoDB DEFAULT CHARSET=utf8mb4 COLLATE=utf8mb4_general_ci;

--
-- Volcado de datos para la tabla `paciente`
--

INSERT INTO `paciente` (`id`, `dni`, `nombre`, `edad`) VALUES
(1, NULL, 'Eithan Amir Sánchez Mendoza', NULL),
(2, NULL, 'Enzo Lionel Davila Velez', NULL),
(3, NULL, 'Ailany Stacy Barrantes Huaman', NULL),
(4, NULL, 'Diego Alexander Vargas Barboza', NULL),
(5, NULL, 'Ivan Samuel Castillo Villalobos', NULL),
(6, NULL, 'Emily Borjas Fuentes', NULL),
(7, NULL, 'Edrian Herrera Cubas', NULL),
(8, NULL, 'Eimy Sanchez Mendoza', NULL),
(9, NULL, 'Mateo Rivera Rodriguez', NULL),
(10, NULL, 'Benjamin Galindo Manayay', NULL),
(11, NULL, 'Fariol Saavedra Ramirez', NULL),
(12, NULL, 'Mayte Bernabe Flores', NULL),
(13, NULL, 'Luz Ferroñan Montalvan', NULL),
(14, NULL, 'Diana Sanchez Finquin', NULL),
(15, NULL, 'Aitana Diaz Quesquey', NULL),
(16, NULL, 'Mateo Estela Culqui', NULL),
(17, NULL, 'Lucas Mateo Cubas Arteaga', NULL),
(18, NULL, 'Valetina Caello Urapari', NULL),
(19, NULL, 'Liban Fernandez Orrillo', NULL),
(20, NULL, 'Leonel Alexander Rojas Rios', NULL),
(21, NULL, 'Flor Chemba Heredia', NULL),
(22, NULL, 'Wendy Rivas Valencia', NULL),
(23, NULL, 'Martha Cueva Bernilla', NULL),
(24, NULL, 'Maribel Angeles Diaz', NULL),
(25, NULL, 'Narda Reategui Ordoñes', NULL),
(26, NULL, 'Ruth Lachos Huementumi', NULL),
(27, NULL, 'Loren Tenorio Pizarro', NULL),
(28, NULL, 'Elsa Chuquimongo Mirende ', NULL),
(29, NULL, 'Hark Mendoza de la Cruz', NULL),
(30, NULL, 'Rachi Romero Melaydi', NULL),
(31, NULL, 'Irma Cueva Cueva', NULL),
(32, NULL, 'Lenny Serevrino Siesquen', NULL),
(33, NULL, 'Yesenia Salasar Leyva', NULL),
(34, NULL, 'Delicia Ramos Nicademo', NULL),
(35, NULL, 'Maryori Lalopu Chicoma', NULL),
(36, NULL, 'Elena Cunya Pinares', NULL),
(37, NULL, 'Leydi Gines Carrillo', NULL),
(38, NULL, 'Shirley Chira Mochica', NULL),
(39, NULL, 'Selena Carranza Mendoza', NULL),
(40, NULL, 'Dayami Potalatino Asmet', NULL),
(41, NULL, 'Micaela Cisneros Cardoza', NULL),
(42, NULL, 'Elita Sanchez Flores', NULL),
(43, NULL, 'Lady Juape Llaguento', NULL),
(44, NULL, 'Graciela Tantarico Castro', NULL),
(45, NULL, 'Nahomi Millacaltus Fuentes', NULL),
(46, NULL, 'Rossaly Fernandez Cabanillas', NULL),
(47, NULL, 'Ingrid Deza Mendoza', NULL),
(48, NULL, 'Maria Sara Pedraza Perez', NULL),
(49, NULL, 'Elizabeth Santamaria Fernandez', NULL),
(50, NULL, 'Marissela Victoria Hernandez Esqueche', NULL),
(51, NULL, 'Carmen Yohsny Guerrero Culqui', NULL),
(52, NULL, 'Luis Albert Hernandez Ignacio', NULL),
(53, NULL, 'Andres Guerrero Castillo', NULL),
(54, NULL, 'Jack Garcia Diaz', NULL),
(55, NULL, 'Johan Velazquez Rodriguez', NULL),
(56, NULL, 'Jose Bustamante Perales', NULL),
(57, NULL, 'Rodolfo Tonardo Llontop', NULL),
(58, NULL, 'Isac Fatana Toboya', NULL),
(59, NULL, 'Josias Abel Calvay Cueva', NULL),
(60, NULL, 'Victor Espinoza Idrogo', NULL),
(61, NULL, 'Manuel Custodio Eneque', NULL),
(62, NULL, 'Luis Callaca Montalvo', NULL),
(63, NULL, 'Junior Cuso Silva', NULL),
(64, NULL, 'Ashley Sanchez Rodriguez', NULL),
(65, NULL, 'Maria Barrantes Perez', NULL),
(66, NULL, 'Lisbeth Vega Lopez', NULL),
(67, NULL, 'Paula Amaya Guzman', NULL),
(68, NULL, 'Tomasa Casuso Samillan', NULL),
(69, NULL, 'Rosa Ruiz Osorio', NULL),
(70, NULL, 'Maria Petronila Lumbre Silva', NULL),
(71, NULL, 'Joseph Heredia Solano', NULL),
(72, NULL, 'Juan Carlos Pisfil Castillo', NULL),
(73, NULL, 'Francisco Humanta Quiroz', NULL),
(74, NULL, 'Mario Chirinos Saavedra', NULL),
(75, NULL, 'Eithan Flores Torres', NULL),
(76, NULL, 'Carmen Rosa Gomez Barrantes', NULL),
(77, NULL, 'Ashley Veli Labingo', NULL),
(78, NULL, 'Junior Ramirez Flores', NULL),
(79, NULL, 'Justino Pongo Ramirez', NULL),
(80, NULL, 'Godofredo Cruz Fermandez', NULL),
(81, NULL, 'Maximandro Calle Tinco', NULL),
(82, NULL, 'Fabriciano Cueva Espinoza', NULL),
(83, NULL, 'Vicente Vilchez Morena', NULL),
(84, NULL, 'Sebastian Zeña Seclen', NULL),
(85, NULL, 'Victor Aguilar Suchero', NULL),
(86, NULL, 'Gaspar Juan Santos', NULL),
(87, NULL, 'Bautista Roncio Marlon', NULL),
(88, NULL, 'Kenys Galiano Gonzales', NULL),
(89, NULL, 'Luis Izquierdo Campos', NULL),
(90, NULL, 'Jose Aquino Puicon', NULL),
(91, NULL, 'Albart Lluen Jacinto', NULL),
(92, NULL, 'Felix Reyes Peña', NULL),
(93, NULL, 'Marcos Urbina Soto', NULL),
(94, NULL, 'Jose Gutierres Leon', NULL),
(95, NULL, 'Alvaro Ortiz Vasquez', NULL),
(96, NULL, 'Edith Abuhaba Castillo', NULL),
(97, NULL, 'Yessica Sanchez Fernandez', NULL),
(98, NULL, 'Bernardina de la Cruz Rojas', NULL),
(100, NULL, 'Veronica Cueva Samillan', NULL),
(101, NULL, 'Alejandra Fuentes Hernandez ', NULL),
(102, NULL, 'Anita Hernandez Cristoba', NULL),
(103, NULL, 'Dorotea Rodriguez Cieza', NULL),
(104, NULL, 'Juana Gamero Heredia', NULL),
(105, NULL, 'Katherine Perez Saavedra', NULL),
(106, NULL, 'Nelly Davila Hernandez', NULL),
(107, NULL, 'Jacinta Mel de Gonzales', NULL),
(108, NULL, 'Lemela Llontop Effio', NULL),
(109, NULL, 'Maria Salazar Fernandez', NULL),
(110, NULL, 'Ylda Tacure Cordova', NULL),
(112, NULL, 'Linares Tello Danisa', NULL),
(113, NULL, 'Maria Cipion Aricache', NULL),
(114, NULL, 'Daydamia Cruz de Tello', NULL),
(117, NULL, 'Libani Pasapera Ramirez', NULL),
(118, NULL, 'Luz Hernandez Espinoza', NULL),
(119, NULL, 'Roberth Rodriguez Carpio', NULL),
(120, NULL, 'Orlando Morales Ipanaque', NULL),
(121, NULL, 'Orlando Vera Davila', NULL),
(122, NULL, 'Eduardo Chavez Moncada', NULL),
(123, NULL, 'Marbila Apagueño Chota', NULL),
(124, NULL, 'Maria Chapoñan de Zeña', NULL),
(125, NULL, 'Alcibiades Hurtado Diaz', NULL),
(126, NULL, 'Eva Reque Perez', NULL),
(127, NULL, 'Carmela Vasquez Vasquez', NULL),
(128, NULL, 'Ruth Santa Cruz Piscoya', NULL),
(129, NULL, 'Maria Diesquen Santamaria', NULL),
(130, NULL, 'Maria Diaz Maloves', NULL),
(131, NULL, 'Hector Diaz Pinillos', NULL),
(132, NULL, 'Cesar Martinez Carrillo', NULL),
(133, NULL, 'Orlando Bazan Purisaga', NULL),
(134, NULL, 'Alberto Serquen Vilchez', NULL),
(135, NULL, 'Marlon Soplapuco Falen', NULL),
(136, NULL, 'Tomas Coronado Paico', NULL),
(137, NULL, 'Francisco Cubas Rulasto', NULL),
(138, NULL, 'Magdalena Vilches Manayalle', NULL),
(139, NULL, 'Brenda Cespedes Davila', NULL),
(140, NULL, 'Matilda Acha Alvarez', NULL),
(141, NULL, 'Esther Silva Tineo', NULL),
(142, NULL, 'Teodolinda Ortiz Susannibor', NULL),
(143, NULL, 'Blanca Perez Mego', NULL),
(144, NULL, 'Justin Chapoñan Matos', NULL),
(145, NULL, 'Sofia Gutierrez Lopez', NULL),
(146, NULL, 'Sebastian Walter Soto', NULL),
(147, NULL, 'Milagros Pupuche Mendoza', NULL),
(148, NULL, 'Smith Gonzales Orosco', NULL),
(149, NULL, 'Adelaida Peregrino Gutierrez', NULL),
(150, NULL, 'Moises Perez Saavedra', NULL),
(151, NULL, 'Luz Maria Vasquez Estela', NULL),
(152, NULL, 'Cajusol Sandoval', NULL),
(153, NULL, 'Chapoñan Alamo', NULL),
(154, NULL, 'Huancas Palacios', NULL),
(155, NULL, 'Vasquez Sanchez', NULL),
(156, NULL, 'Medina Cubas', NULL),
(157, NULL, 'Martinez Leysequia', NULL),
(158, NULL, 'Bonilla Manayalle', NULL),
(159, NULL, 'Villena Ocroñe', NULL),
(161, NULL, 'Olazabal Pacherres', NULL),
(162, NULL, 'Cubas Arizaga', NULL),
(163, NULL, 'Chero Liza', NULL),
(164, NULL, 'Quispe Villbana', NULL),
(165, NULL, 'Siesquen Sandoval', NULL),
(166, NULL, 'Cerna Bustamante', NULL),
(167, NULL, 'Delgado Ramirez', NULL),
(168, NULL, 'Alejandra Carrera Manrique', NULL),
(169, NULL, 'Usmeña Gonzales Chumachero', NULL),
(170, NULL, 'Ana Mendoza Vasquez', NULL),
(171, NULL, 'Amanda Sampen Aguirre', NULL),
(172, NULL, 'Azumi Llauce Ayasta', NULL),
(173, NULL, 'Lizbeth Muñoz Solis', NULL),
(174, NULL, 'Jannet Garcia More', NULL),
(175, NULL, 'Cinthia Zuñe Berralbe', NULL),
(176, NULL, 'Mirian Gonzales Sesquen ', NULL),
(177, NULL, 'Angiela Brigith Linares Carrasco', NULL),
(178, NULL, 'Evely Vilcabanca Monoyoy', NULL),
(179, NULL, 'Pamela Vasquez Perez', NULL),
(180, NULL, 'Irene Yameli Mego de la Cruz', NULL),
(181, NULL, 'Patricia Guzman Cico', NULL),
(183, NULL, 'Maria Pedraza Perez', NULL),
(184, NULL, 'Walter Soto Sebastian', NULL),
(185, NULL, 'Julia Avila Jarancillo', NULL),
(186, NULL, 'Kaleb Quispe Gonzalez', NULL),
(187, NULL, 'Manuel Alvarado Llatas', NULL),
(188, NULL, 'Arles Paredes Maldonado', NULL),
(189, NULL, 'Pedro Gomez Barreto', NULL),
(191, NULL, 'Gladys Angeles Yovera', NULL),
(192, NULL, 'Mendoza Lalopu', NULL),
(193, NULL, 'Maza Cueva', NULL),
(194, NULL, 'Brian Leguia Navarro', NULL),
(195, NULL, 'Kiran Falen Mejia', NULL),
(196, NULL, 'Julissa Honores Nizama', NULL),
(197, NULL, 'Elizabeth Millean Chero', NULL),
(198, NULL, 'Leydi Lozano Chavez', NULL),
(199, NULL, 'Heidy Chirinos Hurtado', NULL),
(200, NULL, 'Nayely Quesquen Chaname', NULL),
(201, NULL, 'Vetzaida Burquillo Acosta', NULL),
(202, NULL, 'Stefani Lopez Abalos', NULL),
(203, NULL, 'Zulema Carranza Mendoza', NULL),
(204, NULL, 'Dersy Yovani Huaman Huaman', NULL),
(205, NULL, 'Marian Roxana Gonzales Quesquen', NULL),
(206, NULL, 'Ana Maria Reyes Reyes', NULL),
(207, NULL, 'Salomon Bravo Montenegro', NULL),
(208, NULL, 'Jhony Enoc Chavarri Gamarra', NULL),
(209, NULL, 'Yulisa Julca Delgado', NULL),
(210, NULL, 'Leonella Llontop Effio', NULL),
(211, NULL, 'Josue Gaona Leiva', NULL),
(212, NULL, 'Denideson Castillo Guillan', NULL),
(213, NULL, 'Oscar Rabines Oliva', NULL),
(214, NULL, 'Polidoro Gallardo Tarrillo', NULL),
(215, NULL, 'Aurora Nuñez Silva', NULL),
(216, NULL, 'Rafael Campos Melber', NULL),
(217, NULL, 'Juan Enriquez Perez', NULL),
(218, NULL, 'Anhara Diaz Maco', NULL),
(219, NULL, 'Branel Leguia Navarro', NULL),
(220, NULL, 'Aitana Falen Mejia', NULL),
(221, NULL, 'Angelo Canchis Tamay', NULL),
(223, NULL, 'Gael Martines Chicoma', NULL),
(224, NULL, 'Noah Sanchez Albarado', NULL),
(225, NULL, 'Dana Sanchez Solorzano', NULL),
(227, NULL, 'Ivan Curo Villalobos', NULL),
(228, NULL, 'Luna Bonilla Manayalle', NULL),
(229, NULL, 'Liany Maza Cueva', NULL),
(230, NULL, 'Juana Fallo Rojas', NULL),
(231, NULL, 'Hilda Villafana Bactacion', NULL),
(232, NULL, 'Ketty Jabo Cordova', NULL),
(233, NULL, 'Dany Lucero Carlos', NULL),
(234, NULL, 'Elida Acuña Barboza', NULL),
(235, NULL, 'Ingrid Cornejo Gil', NULL),
(236, NULL, 'Fabiana Carlos Fuentes', NULL),
(237, NULL, 'Shirley Vera Ramos', NULL),
(238, NULL, 'Yessica Yaxehuacho Llontop', NULL),
(239, NULL, 'Cheyla Guerrero Culqui', NULL),
(240, NULL, 'Culqui Garcia Guerrero', NULL),
(241, NULL, 'Yack Garcia Diaz', NULL),
(242, NULL, 'Jhony Chavarry Gamrra', NULL),
(243, NULL, 'Luis Antony Callaca Montalvo', NULL),
(244, NULL, 'Juan del Carmen Mujica Neyra', NULL),
(245, NULL, 'Andres Sigueñas Arrollo', NULL),
(246, NULL, 'Wilson Chapilliquen Diaz', NULL),
(247, NULL, 'Oscar Cumpa Chiroque', NULL),
(248, NULL, 'Jose Gastelo Paz', NULL),
(249, NULL, 'Abrahan Antonio Bardales Lopez', NULL),
(250, NULL, 'Ana Bonifacio Vargas', NULL),
(251, NULL, 'Rosa Velasquez Gelacio', NULL),
(252, NULL, 'Kiara Gonzalez Zapata', NULL),
(253, NULL, 'Juan Yafac Arica', NULL),
(254, NULL, 'Neise Yarane Perez Fernandez', NULL),
(255, NULL, 'Hilda Sarina Lopez Gonzales', NULL),
(256, NULL, 'Filomena Lopez Leonardo', NULL),
(257, NULL, 'Martha Llontop Galarreta', NULL),
(258, NULL, 'Tatiana Maldonado Delgado', NULL),
(259, NULL, 'Wilmer Constantino Arbulu', NULL),
(260, NULL, 'Antonio Jair Fernandez Chunga', NULL),
(261, NULL, 'Jacobita Armas Reyes', NULL),
(262, NULL, 'Maria Barteocen Geneco Tantalean', NULL),
(263, NULL, 'Adrian Vasquez Castro', NULL),
(264, NULL, 'Francisco Chachapoyas Lamadrid', NULL),
(265, NULL, 'Diego Purihuaman Purihuman', NULL),
(266, NULL, 'Olazabal Pacherres Aranza', NULL),
(267, NULL, 'Sayma Galvez Mori', NULL),
(268, NULL, 'Clarisa Nuñez Vasquez', NULL),
(269, NULL, 'Katherine Montenegro Perez', NULL),
(270, NULL, 'Hilda Mojica Vargas', NULL),
(271, NULL, 'Gabriela Astete Abad', NULL),
(272, NULL, 'Ivana Salazar Ramos', NULL),
(273, NULL, 'Yanina Vasquez Guzman', NULL),
(274, NULL, 'Iliana Tavara Reyes', NULL),
(275, NULL, 'Yacori Santisteban Rios', NULL),
(276, NULL, 'Maria Elizabeth Barture Zantadeon', NULL),
(277, NULL, 'Rossana Samillan Baltodano', NULL),
(278, NULL, 'Jesus Manayay Quintana', NULL),
(279, NULL, 'Arthur Acuña Cueva', NULL),
(280, NULL, 'Justiniano Pongo Ramirez', NULL),
(281, NULL, 'Marlon Bautista Romero', NULL),
(282, NULL, 'Olga Corrales Torres', NULL),
(283, NULL, 'Jose Espinoza Gonzales', NULL),
(284, NULL, 'Ulises Paredes Montoya', NULL),
(285, NULL, 'Rosita Tantarico Castro', NULL),
(287, NULL, 'Carlos Gonzales Garcia', NULL),
(288, NULL, 'Oleazabal Pacherres', NULL),
(289, NULL, 'Ruth Fuentes Cienfuegos', NULL),
(290, NULL, 'Hablany Mestanza Chavez', NULL),
(291, NULL, 'Joaquin Salvator Cordavo Parri', NULL),
(292, NULL, 'Briana Montenegro Garcia', NULL),
(293, NULL, 'Alexander Rojas Rios', NULL),
(294, NULL, 'Rosmelita Vasquez Vilchez', NULL),
(295, NULL, 'Marin Santisteban Escalante', NULL),
(296, NULL, 'Maria Zulueta Yarango', NULL),
(297, NULL, 'Ermilda Guerrero Banandes', NULL),
(298, NULL, 'Rosa Chunga Sanchez', NULL),
(299, NULL, 'Maria Santos Reyes', NULL),
(300, NULL, 'Anyeli Medina Suarez', NULL),
(301, NULL, 'Hildad Mujica VArgas', NULL),
(302, NULL, 'Alexander Rivero Flores', NULL),
(303, NULL, 'Nancy Benillo Cejo', NULL),
(304, NULL, 'Hayde Venegas Camacho', NULL),
(305, NULL, 'Elena Gonzales Becerra', NULL),
(306, NULL, 'Melina Aguirre Gamonal', NULL),
(307, NULL, 'Mirtha Urritia Calle', NULL),
(308, NULL, 'Aracely Malca Cabrera', NULL),
(309, NULL, 'Eduardo Obando Ramirez', NULL),
(310, NULL, 'Juan Mujica Neira', NULL),
(311, NULL, 'Bayron Cabrera Cotrina', NULL),
(312, NULL, 'Cesar Manayay Buentura', NULL),
(313, NULL, 'Justo Vasquez Tapia', NULL),
(314, NULL, 'Manuelito Alvarado Llatas', NULL),
(315, NULL, 'Margarita Silva Zarate', NULL),
(316, NULL, 'Alessia Campos Acosta', NULL),
(317, NULL, 'Alesandro Torres Correa', NULL),
(318, NULL, 'Merly Chavez Correa', NULL),
(319, NULL, 'Tomasa Reyes de la Cruz', NULL),
(320, NULL, 'Segundo DanielRuiz Esquen', NULL),
(321, NULL, 'Jose Muñoz Tantalean', NULL),
(322, NULL, 'Hallany Mestanza Sanchez', NULL),
(323, NULL, 'Maurch Marcelo Mendoza Ramirez', NULL),
(324, NULL, 'Percy Jimenez Delgado', NULL),
(325, NULL, 'Heregido Huaman', NULL),
(326, NULL, 'Luna de los Angeles Rodas', NULL),
(327, NULL, 'Noemi Olano Barrenzuela', NULL),
(328, NULL, 'Nicolas Sandoval Miñope', NULL),
(329, NULL, 'Iker Chavez Silva', NULL),
(330, NULL, 'Yanina Manayay Davila', NULL),
(331, NULL, 'Dany Ruiz Rivera', NULL),
(332, NULL, 'Vatan gracia Guerrero', NULL),
(333, NULL, 'Milagros Rodriguez Chero', NULL),
(334, NULL, 'Tereza Huamuro Peralta', NULL),
(335, NULL, 'Lesly Castillo Delgado', NULL),
(336, NULL, 'Katty Juares Garcia', NULL),
(337, NULL, 'Olga Paico Chavez', NULL),
(338, NULL, 'Maria Campos Vallejos', NULL),
(339, NULL, 'Gracia del Cielo Guerrero Valqui', NULL),
(340, NULL, 'Luz Vasquez Estela', NULL),
(341, NULL, 'Maiko Moreno Ubillus', NULL),
(342, NULL, 'Jesus Llontop Falen', NULL),
(343, NULL, 'Lemy Carrera Villajas ', NULL),
(344, NULL, 'Teresa Bernal Cabanillas', NULL),
(345, NULL, 'Yojana Liza Sanchez', NULL),
(346, NULL, 'Davila Vasquez', NULL),
(347, NULL, 'Maurich Mendoza Ramirez', NULL),
(348, NULL, 'Kalessy Michel Garcia Nuñes', NULL),
(349, NULL, 'Sesquen Sandoval', NULL),
(350, NULL, 'Puelles Guevara', NULL),
(351, NULL, 'Quintos Alonoca', NULL),
(352, NULL, 'Maria Santisteban Escalante', NULL),
(353, NULL, 'Cielo Flores Chicoma', NULL),
(354, NULL, 'Leydi Gastelo Delgado', NULL),
(355, NULL, 'Yessica Goicochea RAmirez', NULL),
(356, NULL, 'Dayana Requeto Espino ', NULL),
(357, NULL, 'Mili Sarai Cotrina Sariano', NULL),
(358, NULL, 'Yajaira Barboza Niera', NULL),
(359, NULL, 'Brigiga Fernandez Tecen', NULL),
(360, NULL, 'Maria Alonaco Mamani', NULL),
(361, NULL, 'Sixto Vasquez Tapia', NULL),
(362, NULL, 'Fabian Cabrera Cotrina', NULL),
(363, NULL, 'Femin Luis Yajahuanca Suarez', NULL),
(364, NULL, 'Ana Silva Sarate', NULL),
(365, NULL, 'Karen Chavez Martinez', NULL),
(366, NULL, 'Liseth Llanos Torres', NULL),
(367, NULL, 'Gilmer Constantino Arbulu', NULL),
(368, NULL, 'Segundo Lozano Conia', NULL),
(369, NULL, 'Gustavo VAlentin Rojas Aguilar', NULL),
(370, NULL, 'Espenza Correa', NULL),
(371, NULL, 'Saucedo Alejandro', NULL),
(372, NULL, 'Cienfuegos Rivera', NULL),
(373, NULL, 'Guido Mujica', NULL),
(374, NULL, 'Luana Salazar Seclen', NULL),
(375, NULL, 'Taisa Olano Barranzuela', NULL),
(376, NULL, 'Erick Bances Lavado', NULL),
(377, NULL, 'Rosa Bances Bances', NULL),
(378, NULL, 'Maria Ravines Naval', NULL),
(379, NULL, 'Ruddy Pisfil Benavides', NULL),
(380, NULL, 'Margarita Sialer Tepe', NULL),
(381, NULL, 'Paulina Ypanaque Coronado', NULL),
(382, NULL, 'Francini Vasquez Livaque', NULL),
(383, NULL, 'Perla Elizabeth Mayra Villejas', NULL),
(384, NULL, 'Marleny Rodriguez Reyes', NULL),
(385, NULL, 'Milagros Olivos Bustamante', NULL),
(386, NULL, 'Joel Fiestas Puestas', NULL),
(387, NULL, 'Marleny Montenegro Pacherres', NULL),
(388, NULL, 'Fortunato Iñoñan Chapoñan', NULL),
(389, NULL, 'Sebastian Espinoza Albuqueque', NULL),
(390, NULL, 'Adriana Saavedra Condori', NULL),
(391, NULL, 'Kaely Fernandez Velez', NULL),
(392, NULL, 'Ronals Cubas Medina', NULL),
(393, NULL, 'Josmery Heredia Manayaye', NULL),
(394, NULL, 'Emma Ana Lozano Chavez', NULL),
(395, NULL, 'Juana Cruzado Mio', NULL),
(396, NULL, 'Maria Rupay Villegas', NULL),
(397, NULL, 'Daniela Tarrillo Delgado', NULL),
(398, NULL, 'Usmenia Gonzales Chumacero', NULL),
(399, NULL, 'Kasandra Lopez Quesquen', NULL),
(400, NULL, 'Annel Aracely Perez Lizana', NULL),
(401, NULL, 'Diana Guevara Ipanaque', NULL),
(402, NULL, 'Rufina Reyes Huaman', NULL),
(403, NULL, 'Ana Santamaria Sandoval', NULL),
(404, NULL, 'Millina Aguilar Gamonal', NULL),
(405, NULL, 'Diana Chirinos Torres', NULL),
(406, NULL, 'Veronica Elizabeth Fernandez Montenegro', NULL),
(407, NULL, 'Liduvina Torres Jara', NULL),
(408, NULL, 'Maryori Adriana Riveros Sanchez', NULL),
(409, NULL, 'Luis Angel Serrrata Ramirez ', NULL),
(410, NULL, 'Yda Morales Julca', NULL),
(411, NULL, 'Moreno Vicente Vilchez', NULL),
(412, NULL, 'Maria Teresa Vasquez Carpio', NULL),
(413, NULL, 'Samir Valdera Flores', NULL),
(414, NULL, 'Georgina Olivera viuda de Galvez', NULL),
(415, NULL, 'Santos Garcia Lopez', NULL),
(416, NULL, 'Rosa Castillo de Chaname', NULL),
(417, NULL, 'Mauricia Valles Tineo', NULL),
(418, NULL, 'Rosa Esmeralda Effio Cruz', NULL),
(419, NULL, 'Lozano Tarrillo', NULL),
(421, NULL, 'Samanta Gaoma Gastelo', NULL),
(422, NULL, 'Joselin Foro Talla', NULL),
(423, NULL, 'Maria Davila Perez', NULL),
(424, NULL, 'Maribel Gastelo Delgado', NULL),
(425, NULL, 'Danele Tarrillo Lopez', NULL),
(426, NULL, 'Clotilde Columche Cueva', NULL),
(427, NULL, 'Tania Carranza Asalde', NULL),
(428, NULL, 'Hilda Mejia Vargas', NULL),
(429, NULL, 'Tuly Esmeralda Cueva Banda', NULL),
(430, NULL, 'Jackelin Cayotopa Torres', NULL),
(431, NULL, 'Martha Amana Zulaga', NULL),
(432, NULL, 'Susana Espil Cerna', NULL),
(433, NULL, 'Stefani Vera Vera', NULL),
(434, NULL, 'Miguel Crisanto Zurita', NULL),
(435, NULL, 'Rosalinda Huaman Pusma', NULL),
(436, NULL, 'Juana Tesen More', NULL),
(437, NULL, 'Mariana TActo Chavez', NULL),
(438, NULL, 'Yesica Branco Uriarte', NULL),
(439, NULL, 'Wilma Castro Dias', NULL),
(441, NULL, 'Jose Farro Barboza', NULL),
(442, NULL, 'Alexbiades Huartado Diaz', NULL),
(443, NULL, 'Jhonatan Cubas Castro', NULL),
(444, NULL, 'Sugely Bocanegra Timana ', NULL),
(445, NULL, 'Rosario Valiente Mendoza', NULL),
(446, NULL, 'Juana Cramiro Humaic', NULL),
(447, NULL, 'MArcelo Mendoza Ramirez', NULL),
(448, NULL, 'Xianira Idrogo Delgado', NULL),
(449, NULL, 'Luis Vergara Sanchez', NULL),
(450, NULL, 'Seanjertegui Sialer', NULL),
(451, NULL, 'Gaona Gastelo', NULL),
(452, NULL, 'Casilda Correa Rodriguez', NULL),
(453, NULL, 'Elizabeth Chupillan Tueto', NULL),
(454, NULL, 'Lucero Leonardo Fiorella', NULL),
(455, NULL, 'Nicohol Ayasta Capuñay', NULL),
(456, NULL, 'Diana  Rodriguez Cabrera', NULL),
(457, NULL, 'Lisbet Sirlopu Huaman', NULL),
(458, NULL, 'Dayana Sosa Estrada', NULL),
(459, NULL, 'Taly Esmeralda Cueva Barida', NULL),
(460, NULL, 'Carmen Villanueva Chavez', NULL),
(461, NULL, 'Karen Delgado Chuzon', NULL),
(462, NULL, 'Roxana Toro Torres', NULL),
(463, NULL, 'Yola Morales Julca', NULL),
(464, NULL, 'Danitza Ipanaque', NULL),
(465, NULL, 'Luis Serquen Huancas', NULL),
(466, NULL, 'Jesus Mondragon Navarro', NULL),
(467, NULL, 'Jimmy Carrera Villalobos', NULL),
(468, NULL, 'Segundo Manuel Perez Monje', NULL),
(469, NULL, 'Simon Martin Nima Rojas', NULL),
(470, NULL, 'Felicita Carlos de Martinez', NULL),
(471, NULL, 'Maria Vargas Tunijan', NULL),
(472, NULL, 'Juana Moreto Garcia', NULL),
(473, NULL, 'Yolanda Garcia Lopez', NULL),
(474, NULL, 'Jose Saldaña Vasquez', NULL),
(475, NULL, 'Francisco Yarango Flores', NULL),
(476, NULL, 'Luis Vega Sanchez', NULL),
(477, NULL, 'Ayasta Mendoza Salazar', NULL),
(478, NULL, 'Maria Luna Rodas Zulueta', NULL),
(479, NULL, 'Andy Leonel Taboada VAsquez', NULL),
(480, NULL, 'Diaz Quesquen', NULL),
(481, NULL, 'Magildo Huaman', NULL),
(482, NULL, 'Ayala Reyes', NULL),
(483, NULL, 'Saucido Alejandria', NULL),
(484, NULL, 'Maria Zamora Peralta', NULL),
(485, NULL, 'Dolores Herrera Garcia', NULL),
(486, NULL, 'Digna Sosa Estrada', NULL),
(487, NULL, 'Correa Rodriguez', NULL),
(488, NULL, 'Maria Vasquez Espinoza', NULL),
(489, NULL, 'Karen Vega Sanchez', NULL),
(490, NULL, 'Cristel Paredes Sanchez', NULL),
(491, NULL, 'Jackelin Alvarado Zamora', NULL),
(492, NULL, 'Sarai Mori Galvez', NULL),
(493, NULL, 'Marino Doreila Diaz', NULL),
(494, NULL, 'Luis Quijano Romero', NULL),
(495, NULL, 'Siria Herandez', NULL),
(496, NULL, 'Victor Malca Carlos', NULL),
(497, NULL, 'Maria Mendoza Chalan', NULL),
(498, NULL, 'Elma Leon Flores', NULL),
(499, NULL, 'Mateo Samame Garay', NULL),
(500, NULL, 'Julio Rachumi Macalapu', NULL),
(501, NULL, 'Leslie Diaz Escajadillo', NULL),
(502, NULL, 'Ronal Puicon Limo', NULL),
(503, NULL, 'Maria Aguero Youga', NULL),
(504, NULL, 'Walter Diaz Rujelcio', NULL),
(505, NULL, 'Esau Amoretti Gamarra', NULL),
(506, NULL, 'Hana Luana Vasquez Mendoza', NULL),
(507, NULL, 'Jesus Siverino Quevedo', NULL),
(508, NULL, 'Enma Lozano Chavez', NULL),
(509, NULL, 'Sosa Davila', NULL),
(510, NULL, 'Darila Vasquez', NULL),
(511, NULL, 'Daneli Tarrillo Lopez', NULL),
(512, NULL, 'Yessica Garcia Llaipen', NULL),
(513, NULL, 'Lisbeth Herrera Perez', NULL),
(514, NULL, 'Josselyn Toro Falla', NULL),
(515, NULL, 'Rosa Pacto Hoyos', NULL),
(516, NULL, 'Martha Cueva Bernilla', NULL),
(517, NULL, 'Juana Espinoza Venttura', NULL),
(518, NULL, 'Darlin Mesones Manayalle', NULL),
(519, NULL, 'Maria Esther Vasquez Espinoza', NULL),
(520, NULL, 'Anyemal Pacheco Cedeño', NULL),
(521, NULL, 'Jaquelyn Alvarado Samora', NULL),
(522, NULL, 'Luisa Velasquez Cueva', NULL),
(523, NULL, 'Ivan Bueno Senador', NULL),
(524, NULL, 'Luis Miguel Campo Mera', NULL),
(525, NULL, 'Luis Alberto Quijano Romero', NULL),
(526, NULL, 'Kevin Sanchez Aguilar', NULL),
(527, NULL, 'Darakson Castillo Guillen', NULL),
(528, NULL, 'Maria Miñope Sandoval', NULL),
(529, NULL, 'Silvestre Gonzales Montenegro', NULL),
(530, NULL, 'Yolanda Diaz de Suarez', NULL),
(531, NULL, 'Gleman Chavez Huaman', NULL),
(532, NULL, 'Juan Medina Galvez', NULL),
(533, NULL, 'Yair Santamaaria Tamasia', NULL),
(534, NULL, 'Alesia Clavesta Infantes', NULL),
(535, NULL, 'Hannah Vasquez Sanchez', NULL),
(536, NULL, 'Rodriguez Guerrero', NULL),
(537, NULL, 'Keyla Odar Suarez', NULL),
(538, NULL, 'Dayana Huamanchan Barturen', NULL),
(539, NULL, 'Nicol Ayasta Capuñay', NULL),
(540, NULL, 'Annel Porras Lizamo', NULL),
(541, NULL, 'Viviana Chavez Campos', NULL),
(542, NULL, 'Maria Jesus Vallejos Llampufe', NULL),
(543, NULL, 'Felipe Senturion Gonzales', NULL),
(544, NULL, 'Milagros Armitos Husman', NULL),
(545, NULL, 'Joselin Tello Damian', NULL),
(546, NULL, 'Veronica Miñope Carlos', NULL),
(547, NULL, 'Karen Rojas Correa', NULL),
(548, NULL, 'Noelia Yamunaque Lupu', NULL),
(549, NULL, 'Sonia Ramirez Chuquilin', NULL),
(550, NULL, 'Viviana Ramirez Delgado', NULL),
(551, NULL, 'Haylin Huerta Moran', NULL),
(552, NULL, 'Prefinda Mejia Cordova', NULL),
(553, NULL, 'Noemi Arragui Segura', NULL),
(554, NULL, 'Maria Guadalupe Torres Bernilla', NULL),
(555, NULL, 'Domenica Rodas Becerra', NULL),
(556, NULL, 'Sara Ruiz Castillo', NULL),
(557, NULL, 'Julia Maribel Sanchez Roman', NULL),
(558, NULL, 'Yakeline de la Cruz Villanueva', NULL),
(559, NULL, 'Fernando Chavez Chavezta', NULL),
(560, NULL, 'Fernando Garcia Marin', NULL),
(561, NULL, 'Thiago Romero Acavo', NULL),
(562, NULL, 'Jesus Severino Quevedo', NULL),
(563, NULL, 'Gael Nuñez Sanchez', NULL),
(564, NULL, 'Dylan Gael Leon Ruiglo', NULL),
(565, NULL, 'Kayle Fernandez Leyva', NULL),
(566, NULL, 'Yair Santamaria Santamaria', NULL),
(567, NULL, 'Genesis Chafloque Calderon', NULL),
(568, NULL, 'Dareck Gonzales Zamora', NULL),
(569, NULL, 'Shania Aguirre Inostroza', NULL),
(570, NULL, 'Niño Severino', NULL),
(571, NULL, 'Rodriguez Guevara', NULL),
(572, NULL, 'Burga Rodriguez', NULL),
(573, NULL, 'Xiomara Rioja Monteza', NULL),
(574, NULL, 'Vaneza Cherre Burga', NULL),
(575, NULL, 'Katia Nima Peña', NULL),
(576, NULL, 'Leny Carpio Rodrigo', NULL),
(577, NULL, 'Maryori Huertas Marin', NULL),
(578, NULL, 'Yessica Vasquez Guerra', NULL),
(579, NULL, 'Zoraida Herna Benios', NULL),
(580, NULL, 'Liset del Milagro Acuña Periche', NULL),
(581, NULL, 'Casandra Marilu Lopez Quesquen', NULL),
(582, NULL, 'Greis Mocso Angeles', NULL),
(583, NULL, 'Milagros Sernaque Seminario', NULL),
(584, NULL, 'Maryori Fany Chavezta Pisfil', NULL),
(585, NULL, 'Marin Maricruz Rojas Rojas', NULL),
(586, NULL, 'Beisi Vasquez Campos', NULL),
(587, NULL, 'Jose Tarrillo Calderon', NULL),
(588, NULL, 'Antony Chupollon Chunque', NULL),
(589, NULL, 'Edwin Alberto Guerrero Trujillano', NULL),
(590, NULL, 'Mary Carmen Torers Montenegro', NULL),
(591, NULL, 'Yasant Silva Tirado', NULL),
(592, NULL, 'Jorge Silver Frmandez Leon', NULL),
(593, NULL, 'Maria Guerrero Cruzada', NULL),
(594, NULL, 'Eugenio de la Cruz Ventura', NULL),
(595, NULL, 'Jandy Castañeda Biana', NULL),
(596, NULL, 'Carmen Ayay Heredia', NULL),
(597, NULL, 'Beby Vasquez Campos', NULL),
(598, NULL, 'Silva Cruz Vasquez', NULL),
(599, NULL, 'Daysi Quevedo Livia', NULL),
(600, NULL, 'Villena Quiñe', NULL),
(601, NULL, 'Austin Butron Quispe', NULL),
(602, NULL, 'Kalessi Diaz Coronel', NULL),
(603, NULL, 'Lozano Figueroa', NULL),
(604, NULL, 'Espinoza Tacto', NULL),
(605, NULL, 'Yoselin Tello Samau', NULL),
(606, NULL, 'Maryori Chavezta Pisfil', NULL),
(607, NULL, 'Grace Maeso Angeles', NULL),
(608, NULL, 'Anahis Cruz Ternero', NULL),
(609, NULL, 'Belinda Rojas Guzman', NULL),
(610, NULL, 'Romero Tapullima', NULL),
(611, NULL, 'Carmen Figueroa Quiñonez', NULL),
(612, NULL, 'Kynberli Rodriguez Bustamante', NULL),
(613, NULL, 'Maria Torre Bernilla', NULL),
(614, NULL, 'Jerson Pedrito Vega Llana', NULL),
(615, NULL, 'Sugey Gisela Chiroque Flores', NULL),
(616, NULL, 'Clara Luz Gonzalez Clavo', NULL),
(617, NULL, 'Carlos Vera Davila', NULL),
(618, NULL, 'Jacinto Rojas Rojas', NULL),
(619, NULL, 'Rosa Aguirre Aguilar', NULL),
(620, NULL, 'JHon Smith Chiroque Chujutalli', NULL),
(621, NULL, 'Alberto Timana Nevado', NULL),
(622, NULL, 'Juanito Huatanagui Arevalo', NULL),
(623, NULL, 'Kalessia Diaz Coronel', NULL),
(624, NULL, 'Thiago Sanchez Neira', NULL),
(625, NULL, 'Melisa Vasquez Villegas', NULL),
(626, NULL, 'Catalina Davila Bonilla', NULL),
(627, NULL, 'Zaldiel Vertiz Quiroz', NULL),
(628, NULL, 'Maximiliano Vasquez Villegas', NULL),
(629, NULL, 'Aysha Mundaca Salazar', NULL),
(630, NULL, 'Santiago Mera Suarez', NULL),
(631, NULL, 'Xiomara Cobeñas Llontop', NULL),
(632, NULL, 'Deysi Quevedo Livia', NULL),
(633, NULL, 'Mendoza Nuñez', NULL),
(634, NULL, 'Cajusol Fiestas', NULL),
(635, NULL, 'Lucero Mesones', NULL),
(636, NULL, 'Jesenia Cueva Julca', NULL),
(637, NULL, 'Abigail Cordoba Cabrera', NULL),
(638, NULL, 'Nila Salazar Savaleta', NULL),
(639, NULL, 'Maria Vallejos Llanpufe', NULL),
(640, NULL, 'Edisa Vallejos Fransea', NULL),
(641, NULL, 'Mirian Carranza Bellados', NULL),
(642, NULL, 'Fermin Yajahuanca Suarez', NULL),
(643, NULL, 'Bertha Tapia Campos', NULL),
(644, NULL, 'Aldear Velasquez Frank', NULL),
(645, NULL, 'Leandro Martinez Zapata', NULL),
(646, NULL, 'Luis Alberto Izquierdo Campos', NULL),
(647, NULL, 'Janeli Tarrillo Lopez', NULL),
(648, NULL, 'Rosa Sanchez Requejo', NULL),
(649, NULL, 'Maria Villalobos Ayala', NULL),
(651, NULL, 'Geancarlo Vilchez Bances', NULL),
(652, NULL, 'Jose Campos Bolongo', NULL),
(653, NULL, 'Mario Montoya Rojas', NULL),
(654, NULL, 'Blanca Gomez Sanchez', NULL),
(655, NULL, 'Paula Cordova Peña', NULL),
(656, NULL, 'Leydi Atencio Rivadeneira', NULL);

-- --------------------------------------------------------

--
-- Estructura de tabla para la tabla `servicios`
--

CREATE TABLE `servicios` (
  `id` bigint(20) UNSIGNED NOT NULL,
  `nombre` varchar(100) NOT NULL,
  `total_camas` int(11) NOT NULL
) ENGINE=InnoDB DEFAULT CHARSET=utf8mb4 COLLATE=utf8mb4_general_ci;

--
-- Volcado de datos para la tabla `servicios`
--

INSERT INTO `servicios` (`id`, `nombre`, `total_camas`) VALUES
(1, 'Pediatria', 37),
(2, 'Ginocologia y Obstetricia', 51),
(3, 'Cirugia', 55),
(4, 'Medicina', 50),
(5, 'Emergencia', 28),
(6, 'UCI', 21);

-- --------------------------------------------------------

--
-- Estructura de tabla para la tabla `subservicios`
--

CREATE TABLE `subservicios` (
  `id` bigint(20) UNSIGNED NOT NULL,
  `nombre` varchar(100) NOT NULL,
  `num_cama` varchar(8) NOT NULL,
  `estado` varchar(15) NOT NULL DEFAULT 'Desocupada',
  `id_servicio` int(11) DEFAULT NULL
) ENGINE=InnoDB DEFAULT CHARSET=utf8mb4 COLLATE=utf8mb4_general_ci;

--
-- Volcado de datos para la tabla `subservicios`
--

INSERT INTO `subservicios` (`id`, `nombre`, `num_cama`, `estado`, `id_servicio`) VALUES
(1, 'Lactantes', 'L-1', 'Ocupada', 1),
(2, 'Lactantes', 'L-2', 'Ocupada', 1),
(3, 'Lactantes', 'L-3', 'Ocupada', 1),
(4, 'Lactantes', 'L-4', 'Desocupada', 1),
(5, 'Lactantes', 'L-5', 'Desocupada', 1),
(6, 'Lactantes', 'L-6', 'Desocupada', 1),
(7, 'Lactantes', 'L-7', 'Ocupada', 1),
(8, 'Lactantes', 'L-8', 'Ocupada', 1),
(9, 'Lactantes', 'L-9', 'Desocupada', 1),
(10, 'Lactantes', 'L-10', 'Desocupada', 1),
(11, 'Lactantes', 'L-11', 'Desocupada', 1),
(12, 'Lactantes', 'L-12', 'Desocupada', 1),
(13, 'Pre Escolares', 'PE-1', 'Ocupada', 1),
(14, 'Pre Escolares', 'PE-2', 'Ocupada', 1),
(15, 'Pre Escolares', 'PE-3', 'Ocupada', 1),
(16, 'Pre Escolares', 'PE-4', 'Ocupada', 1),
(17, 'Pre Escolares', 'PE-5', 'Ocupada', 1),
(18, 'Pre Escolares', 'PE-6', 'Ocupada', 1),
(19, 'Pre Escolares', 'PE-7', 'Ocupada', 1),
(20, 'Pre Escolares', 'PE-8', 'Ocupada', 1),
(21, 'Pre Escolares', 'PE-9', 'Ocupada', 1),
(22, 'Pre Escolares', 'PE-10', 'Ocupada', 1),
(23, 'Pre Escolares', 'PE-11', 'Ocupada', 1),
(24, 'Pre Escolares', 'PE-12', 'Ocupada', 1),
(25, 'Pre Escolares', 'PE-13', 'Ocupada', 1),
(26, 'Neonatologia', 'N-1', 'Ocupada', 1),
(27, 'Neonatologia', 'N-2', 'Ocupada', 1),
(28, 'Neonatologia', 'N-3', 'Ocupada', 1),
(29, 'Neonatologia', 'N-4', 'Ocupada', 1),
(30, 'Neonatologia', 'N-5', 'Ocupada', 1),
(31, 'Neonatologia', 'N-6', 'Ocupada', 1),
(32, 'Neonatologia', 'N-7', 'Ocupada', 1),
(33, 'Neonatologia', 'N-8', 'Ocupada', 1),
(34, 'Neonatologia', 'N-9', 'Ocupada', 1),
(35, 'Neonatologia', 'N-10', 'Desocupada', 1),
(36, 'Neonatologia', 'N-11', 'Desocupada', 1),
(37, 'Neonatologia', 'N-12', 'Desocupada', 1),
(38, 'Aro A', 'A.A-1', 'Ocupada', 2),
(39, 'Aro A', 'A.A-2', 'Ocupada', 2),
(40, 'Aro A', 'A.A-3', 'Ocupada', 2),
(41, 'Aro A', 'A.A-4', 'Ocupada', 2),
(42, 'Aro A', 'A.A-5', 'Ocupada', 2),
(43, 'Aro A', 'A.A-6', 'Ocupada', 2),
(44, 'Aro A', 'A.A-7', 'Desocupada', 2),
(45, 'Aro A', 'A.A-8', 'Desocupada', 2),
(46, 'Aro A', 'A.A-9', 'Desocupada', 2),
(47, 'Aro A', 'A.A-10', 'Ocupada', 2),
(48, 'Aro A', 'A.A-11', 'Ocupada', 2),
(49, 'Aro A', 'A.A-12', 'Ocupada', 2),
(50, 'Aro B', 'A.B-1', 'Desocupada', 2),
(51, 'Aro B', 'A.B-2', 'Desocupada', 2),
(52, 'Aro B', 'A.B-3', 'Desocupada', 2),
(53, 'Aro B', 'A.B-4', 'Desocupada', 2),
(54, 'Aro B', 'A.B-5', 'Ocupada', 2),
(55, 'Aro B', 'A.B-6', 'Ocupada', 2),
(56, 'Aro B', 'A.B-7', 'Ocupada', 2),
(57, 'Aro B', 'A.B-8', 'Ocupada', 2),
(58, 'Aro B', 'A.B-9', 'Ocupada', 2),
(59, 'Aro B', 'A.B-10', 'Ocupada', 2),
(60, 'Aro B', 'A.B-11', 'Ocupada', 2),
(61, 'Aro B', 'A.B-12', 'Desocupada', 2),
(62, 'Puerperio', 'P-1', 'Ocupada', 2),
(63, 'Puerperio', 'P-2', 'Desocupada', 2),
(64, 'Puerperio', 'P-3', 'Desocupada', 2),
(65, 'Puerperio', 'P-4', 'Desocupada', 2),
(66, 'Puerperio', 'P-5', 'Ocupada', 2),
(67, 'Puerperio', 'P-6', 'Ocupada', 2),
(68, 'Puerperio', 'P-7', 'Ocupada', 2),
(69, 'Puerperio', 'P-8', 'Desocupada', 2),
(70, 'Puerperio', 'P-9', 'Ocupada', 2),
(71, 'Puerperio', 'P-10', 'Ocupada', 2),
(72, 'Puerperio', 'P-11', 'Ocupada', 2),
(73, 'Puerperio', 'P-12', 'Ocupada', 2),
(74, 'Puerperio', 'P-13', 'Ocupada', 2),
(75, 'Ginecologia', 'G-1', 'Desocupada', 2),
(76, 'Ginecologia', 'G-2', 'Desocupada', 2),
(77, 'Ginecologia', 'G-3', 'Desocupada', 2),
(78, 'Ginecologia', 'G-4', 'Desocupada', 2),
(79, 'Ginecologia', 'G-5', 'Ocupada', 2),
(80, 'Ginecologia', 'G-6', 'Ocupada', 2),
(81, 'Ginecologia', 'G-7', 'Ocupada', 2),
(82, 'Ginecologia', 'G-8', 'Desocupada', 2),
(83, 'Ginecologia', 'G-9', 'Desocupada', 2),
(84, 'Ginecologia', 'G-10', 'Desocupada', 2),
(85, 'Ginecologia', 'G-11', 'Desocupada', 2),
(86, 'Ginecologia', 'G-12', 'Desocupada', 2),
(87, 'Ginecologia', 'G-13', 'Desocupada', 2),
(88, 'Ginecologia', 'G-14', 'Desocupada', 2),
(89, 'Cir. Varones', 'C.V-1', 'Desocupada', 3),
(90, 'Cir. Varones', 'C.V-2', 'Ocupada', 3),
(91, 'Cir. Varones', 'C.V-3', 'Ocupada', 3),
(92, 'Cir. Varones', 'C.V-4', 'Ocupada', 3),
(93, 'Cir. Varones', 'C.V-5', 'Ocupada', 3),
(94, 'Cir. Varones', 'C.V-6', 'Ocupada', 3),
(95, 'Cir. Varones', 'C.V-7', 'Ocupada', 3),
(96, 'Cir. Varones', 'C.V-8', 'Ocupada', 3),
(97, 'Cir. Varones', 'C.V-9', 'Ocupada', 3),
(98, 'Cir. Varones', 'C.V-10', 'Ocupada', 3),
(99, 'Cir. Varones', 'C.V-11', 'Ocupada', 3),
(100, 'Cir. Varones', 'C.V-12', 'Ocupada', 3),
(101, 'Cir. Varones', 'C.V-13', 'Desocupada', 3),
(102, 'Cir. Varones', 'C.V-14', 'Desocupada', 3),
(103, 'Cir. Varones', 'C.V-15', 'Desocupada', 3),
(104, 'Cir. Mujeres', 'C.M-1', 'Ocupada', 3),
(105, 'Cir. Mujeres', 'C.M-2', 'Ocupada', 3),
(106, 'Cir. Mujeres', 'C.M-3', 'Ocupada', 3),
(107, 'Cir. Mujeres', 'C.M-4', 'Ocupada', 3),
(108, 'Cir. Mujeres', 'C.M-5', 'Desocupada', 3),
(109, 'Cir. Mujeres', 'C.M-6', 'Desocupada', 3),
(110, 'Cir. Mujeres', 'C.M-7', 'Ocupada', 3),
(111, 'Cir. Mujeres', 'C.M-8', 'Ocupada', 3),
(112, 'Cir. Mujeres', 'C.M-9', 'Ocupada', 3),
(113, 'Cir. Mujeres', 'C.M-10', 'Desocupada', 3),
(114, 'Cir. Mujeres', 'C.M-11', 'Desocupada', 3),
(115, 'Cir. Mujeres', 'C.M-12', 'Desocupada', 3),
(116, 'Cir. Mujeres', 'C.M-13', 'Desocupada', 3),
(117, 'Cir. Mujeres', 'C.M-14', 'Desocupada', 3),
(118, 'Cir. Mujeres', 'C.M-15', 'Desocupada', 3),
(119, 'Traumatologia', 'T-1', 'Desocupada', 3),
(120, 'Traumatologia', 'T-2', 'Desocupada', 3),
(121, 'Traumatologia', 'T-3', 'Desocupada', 3),
(122, 'Traumatologia', 'T-4', 'Ocupada', 3),
(123, 'Traumatologia', 'T-5', 'Desocupada', 3),
(124, 'Traumatologia', 'T-6', 'Ocupada', 3),
(125, 'Traumatologia', 'T-7', 'Ocupada', 3),
(126, 'Traumatologia', 'T-8', 'Ocupada', 3),
(127, 'Traumatologia', 'T-9', 'Desocupada', 3),
(128, 'Traumatologia', 'T-10', 'Desocupada', 3),
(129, 'Traumatologia', 'T-11', 'Desocupada', 3),
(130, 'Traumatologia', 'T-12', 'Desocupada', 3),
(131, 'Traumatologia', 'T-13', 'Desocupada', 3),
(132, 'Traumatologia', 'T-14', 'Desocupada', 3),
(133, 'Quemados', 'Q-1', 'Ocupada', 3),
(134, 'Quemados', 'Q-2', 'Ocupada', 3),
(135, 'Quemados', 'Q-3', 'Ocupada', 3),
(136, 'Quemados', 'Q-4', 'Ocupada', 3),
(137, 'Quemados', 'Q-5', 'Ocupada', 3),
(138, 'Quemados', 'Q-6', 'Ocupada', 3),
(139, 'Quemados', 'Q-7', 'Ocupada', 3),
(140, 'Quemados', 'Q-8', 'Ocupada', 3),
(141, 'Quemados', 'Q-9', 'Ocupada', 3),
(142, 'Quemados', 'Q-10', 'Desocupada', 3),
(143, 'Quemados', 'Q-11', 'Desocupada', 3),
(144, 'Med. Varones', 'M.V-1', 'Desocupada', 4),
(145, 'Med. Varones', 'M.V-2', 'Desocupada', 4),
(146, 'Med. Varones', 'M.V-3', 'Desocupada', 4),
(147, 'Med. Varones', 'M.V-4', 'Desocupada', 4),
(148, 'Med. Varones', 'M.V-5', 'Desocupada', 4),
(149, 'Med. Varones', 'M.V-6', 'Ocupada', 4),
(150, 'Med. Varones', 'M.V-7', 'Ocupada', 4),
(151, 'Med. Varones', 'M.V-8', 'Ocupada', 4),
(152, 'Med. Varones', 'M.V-9', 'Ocupada', 4),
(153, 'Med. Varones', 'M.V-10', 'Ocupada', 4),
(154, 'Med. Varones', 'M.V-11', 'Ocupada', 4),
(155, 'Med. Varones', 'M.V-12', 'Ocupada', 4),
(156, 'Med. Varones', 'M.V-13', 'Ocupada', 4),
(157, 'Med. Varones', 'M.V-14', 'Ocupada', 4),
(158, 'Med. Varones', 'M.V-15', 'Ocupada', 4),
(159, 'Med. Varones', 'M.V-16', 'Ocupada', 4),
(160, 'Med. Varones', 'M.V-17', 'Ocupada', 4),
(161, 'Med. Varones', 'M.V-18', 'Ocupada', 4),
(162, 'Med. Varones', 'M.V-19', 'Ocupada', 4),
(163, 'Med. Varones', 'M.V-20', 'Ocupada', 4),
(164, 'Med. Mujeres', 'M.M-1', 'Ocupada', 4),
(165, 'Med. Mujeres', 'M.M-2', 'Ocupada', 4),
(166, 'Med. Mujeres', 'M.M-3', 'Desocupada', 4),
(167, 'Med. Mujeres', 'M.M-4', 'Desocupada', 4),
(168, 'Med. Mujeres', 'M.M-5', 'Desocupada', 4),
(169, 'Med. Mujeres', 'M.M-6', 'Desocupada', 4),
(170, 'Med. Mujeres', 'M.M-7', 'Desocupada', 4),
(171, 'Med. Mujeres', 'M.M-8', 'Desocupada', 4),
(172, 'Med. Mujeres', 'M.M-9', 'Ocupada', 4),
(173, 'Med. Mujeres', 'M.M-10', 'Ocupada', 4),
(174, 'Med. Mujeres', 'M.M-11', 'Ocupada', 4),
(175, 'Med. Mujeres', 'M.M-12', 'Ocupada', 4),
(176, 'Med. Mujeres', 'M.M-13', 'Ocupada', 4),
(177, 'Med. Mujeres', 'M.M-14', 'Ocupada', 4),
(178, 'Med. Mujeres', 'M.M-15', 'Ocupada', 4),
(179, 'Med. Mujeres', 'M.M-16', 'Ocupada', 4),
(180, 'Med. Mujeres', 'M.M-17', 'Ocupada', 4),
(181, 'Med. Mujeres', 'M.M-18', 'Ocupada', 4),
(182, 'Med. Mujeres', 'M.M-19', 'Ocupada', 4),
(183, 'UNET', 'UN-1', 'Ocupada', 4),
(184, 'UNET', 'UN-2', 'Desocupada', 4),
(185, 'UNET', 'UN-3', 'Ocupada', 4),
(186, 'UNET', 'UN-4', 'Ocupada', 4),
(187, 'UNET', 'UN-5', 'Ocupada', 4),
(188, 'UNET', 'UN-6', 'Ocupada', 4),
(189, 'UNET', 'UN-7', 'Ocupada', 4),
(190, 'UNET', 'UN-8', 'Desocupada', 4),
(191, 'UNET', 'UN-9', 'Desocupada', 4),
(192, 'UNET', 'UN-10', 'Desocupada', 4),
(193, 'UNET', 'UN-11', 'Desocupada', 4),
(194, 'Obs. 01', 'O.01-1', 'Ocupada', 5),
(195, 'Obs. 01', 'O.01-2', 'Ocupada', 5),
(196, 'Obs. 01', 'O.01-3', 'Ocupada', 5),
(197, 'Obs. 03(Mixtas)', 'O.03-1', 'Ocupada', 5),
(198, 'Obs. 03(Mixtas)', 'O.03-2', 'Desocupada', 5),
(199, 'Obs. 03(Mixtas)', 'O.03-3', 'Ocupada', 5),
(200, 'Obs. 03(Mixtas)', 'O.03-4', 'Desocupada', 5),
(201, 'Obs. 03(Mixtas)', 'O.03-5', 'Ocupada', 5),
(202, 'Obs. Varones', 'O.V-1', 'Ocupada', 5),
(203, 'Obs. Varones', 'O.V-2', 'Ocupada', 5),
(204, 'Obs. Varones', 'O.V-3', 'Ocupada', 5),
(205, 'Obs. Varones', 'O.V-4', 'Ocupada', 5),
(206, 'Obs. Varones', 'O.V-5', 'Ocupada', 5),
(207, 'Obs. Varones', 'O.V-6', 'Desocupada', 5),
(208, 'Obs. Mujeres', 'O.M-1', 'Ocupada', 5),
(209, 'Obs. Mujeres', 'O.M-2', 'Ocupada', 5),
(210, 'Obs. Mujeres', 'O.M-3', 'Ocupada', 5),
(211, 'Obs. Mujeres', 'O.M-4', 'Ocupada', 5),
(212, 'Obs. Mujeres', 'O.M-5', 'Ocupada', 5),
(213, 'Obs. Mujeres', 'O.M-6', 'Ocupada', 5),
(214, 'Obs. Pediatria', 'O.P-1', 'Ocupada', 5),
(215, 'Obs. Pediatria', 'O.P-2', 'Ocupada', 5),
(216, 'Obs. Pediatria', 'O.P-3', 'Ocupada', 5),
(217, 'Obs. Pediatria', 'O.P-4', 'Ocupada', 5),
(218, 'Obs. Pediatria', 'O.P-5', 'Ocupada', 5),
(219, 'Obs. Pediatria', 'O.P-6', 'Ocupada', 5),
(220, 'Obs. Pediatria', 'O.P-7', 'Ocupada', 5),
(221, 'Obs. Pediatria', 'O.P-8', 'Ocupada', 5),
(222, 'UCI Adultos', 'U.A-1', 'Desocupada', 6),
(223, 'UCI Adultos', 'U.A-2', 'Desocupada', 6),
(224, 'UCI Adultos', 'U.A-3', 'Desocupada', 6),
(225, 'UCI Adultos', 'U.A-4', 'Desocupada', 6),
(226, 'UCI Adultos', 'U.A-5', 'Ocupada', 6),
(227, 'UCI NEO', 'U.N-1', 'Desocupada', 6),
(228, 'UCI NEO', 'U.N-2', 'Ocupada', 6),
(229, 'UCI NEO', 'U.N-3', 'Ocupada', 6),
(230, 'UCI NEO', 'U.N-4', 'Ocupada', 6),
(231, 'UCI NEO', 'U.N-5', 'Ocupada', 6),
(232, 'UCI NEO', 'U.N-6', 'Ocupada', 6),
(233, 'UCI NEO', 'U.N-7', 'Ocupada', 6),
(234, 'UCI NEO', 'U.N-8', 'Ocupada', 6),
(235, 'UCI NEO', 'U.N-9', 'Ocupada', 6),
(236, 'UCI NEO', 'U.N-10', 'Ocupada', 6),
(237, 'UCI NEO', 'U.N-11', 'Ocupada', 6),
(238, 'UCI NEO', 'U.N-12', 'Ocupada', 6),
(239, 'UCI NEO', 'U.N-13', 'Ocupada', 6),
(240, 'UCI NEO', 'U.N-14', 'Ocupada', 6),
(241, 'UCI NEO', 'U.N-15', 'Ocupada', 6),
(242, 'UCI NEO', 'U.N-16', 'Ocupada', 6);

--
-- Índices para tablas volcadas
--

--
-- Indices de la tabla `egresos`
--
ALTER TABLE `egresos`
  ADD PRIMARY KEY (`id`);

--
-- Indices de la tabla `ingresos`
--
ALTER TABLE `ingresos`
  ADD PRIMARY KEY (`id`);

--
-- Indices de la tabla `paciente`
--
ALTER TABLE `paciente`
  ADD PRIMARY KEY (`id`);

--
-- Indices de la tabla `servicios`
--
ALTER TABLE `servicios`
  ADD PRIMARY KEY (`id`);

--
-- Indices de la tabla `subservicios`
--
ALTER TABLE `subservicios`
  ADD PRIMARY KEY (`id`);

--
-- AUTO_INCREMENT de las tablas volcadas
--

--
-- AUTO_INCREMENT de la tabla `egresos`
--
ALTER TABLE `egresos`
  MODIFY `id` bigint(20) UNSIGNED NOT NULL AUTO_INCREMENT, AUTO_INCREMENT=416;

--
-- AUTO_INCREMENT de la tabla `ingresos`
--
ALTER TABLE `ingresos`
  MODIFY `id` bigint(20) UNSIGNED NOT NULL AUTO_INCREMENT, AUTO_INCREMENT=584;

--
-- AUTO_INCREMENT de la tabla `paciente`
--
ALTER TABLE `paciente`
  MODIFY `id` bigint(20) UNSIGNED NOT NULL AUTO_INCREMENT, AUTO_INCREMENT=657;

--
-- AUTO_INCREMENT de la tabla `servicios`
--
ALTER TABLE `servicios`
  MODIFY `id` bigint(20) UNSIGNED NOT NULL AUTO_INCREMENT, AUTO_INCREMENT=7;

--
-- AUTO_INCREMENT de la tabla `subservicios`
--
ALTER TABLE `subservicios`
  MODIFY `id` bigint(20) UNSIGNED NOT NULL AUTO_INCREMENT, AUTO_INCREMENT=243;
COMMIT;

/*!40101 SET CHARACTER_SET_CLIENT=@OLD_CHARACTER_SET_CLIENT */;
/*!40101 SET CHARACTER_SET_RESULTS=@OLD_CHARACTER_SET_RESULTS */;
/*!40101 SET COLLATION_CONNECTION=@OLD_COLLATION_CONNECTION */;
